anio,provincia,sexo,grupo_edad,poblacion
2012,azuay,Hombre,0-14,109798
2012,azuay,Hombre,15-19,37086
2012,azuay,Hombre,20-29,67688
2012,azuay,Hombre,30-44,66492
2012,azuay,Hombre,45-64,45513
2012,azuay,Hombre,65+,22719
2012,azuay,Mujer,0-14,106587
2012,azuay,Mujer,15-19,37131
2012,azuay,Mujer,20-29,69889
2012,azuay,Mujer,30-44,73031
2012,azuay,Mujer,45-64,65769
2012,azuay,Mujer,65+,36915
2012,bolivar,Hombre,0-14,35137
2012,bolivar,Hombre,15-19,10855
2012,bolivar,Hombre,20-29,17337
2012,bolivar,Hombre,30-44,15394
2012,bolivar,Hombre,45-64,14335
2012,bolivar,Hombre,65+,8788
2012,bolivar,Mujer,0-14,33772
2012,bolivar,Mujer,15-19,10677
2012,bolivar,Mujer,20-29,17577
2012,bolivar,Mujer,30-44,18119
2012,bolivar,Mujer,45-64,15891
2012,bolivar,Mujer,65+,10339
2012,carchi,Hombre,0-14,24934
2012,carchi,Hombre,15-19,8590
2012,carchi,Hombre,20-29,15733
2012,carchi,Hombre,30-44,15291
2012,carchi,Hombre,45-64,12327
2012,carchi,Hombre,65+,6307
2012,carchi,Mujer,0-14,23949
2012,carchi,Mujer,15-19,8388
2012,carchi,Mujer,20-29,15262
2012,carchi,Mujer,30-44,17551
2012,carchi,Mujer,45-64,14494
2012,carchi,Mujer,65+,8391
2012,cañar,Hombre,0-14,38563
2012,cañar,Hombre,15-19,11737
2012,cañar,Hombre,20-29,18715
2012,cañar,Hombre,30-44,15126
2012,cañar,Hombre,45-64,14779
2012,cañar,Hombre,65+,8153
2012,cañar,Mujer,0-14,37264
2012,cañar,Mujer,15-19,11973
2012,cañar,Mujer,20-29,20951
2012,cañar,Mujer,30-44,23590
2012,cañar,Mujer,45-64,19508
2012,cañar,Mujer,65+,11104
2012,chimborazo,Hombre,0-14,75615
2012,chimborazo,Hombre,15-19,26336
2012,chimborazo,Hombre,20-29,40628
2012,chimborazo,Hombre,30-44,36956
2012,chimborazo,Hombre,45-64,34843
2012,chimborazo,Hombre,65+,17729
2012,chimborazo,Mujer,0-14,72652
2012,chimborazo,Mujer,15-19,25747
2012,chimborazo,Mujer,20-29,40645
2012,chimborazo,Mujer,30-44,45107
2012,chimborazo,Mujer,45-64,43034
2012,chimborazo,Mujer,65+,24221
2012,cotopaxi,Hombre,0-14,70343
2012,cotopaxi,Hombre,15-19,22512
2012,cotopaxi,Hombre,20-29,39168
2012,cotopaxi,Hombre,30-44,36386
2012,cotopaxi,Hombre,45-64,26033
2012,cotopaxi,Hombre,65+,12231
2012,cotopaxi,Mujer,0-14,67924
2012,cotopaxi,Mujer,15-19,22421
2012,cotopaxi,Mujer,20-29,39009
2012,cotopaxi,Mujer,30-44,42812
2012,cotopaxi,Mujer,45-64,31470
2012,cotopaxi,Mujer,65+,14469
2012,el_oro,Hombre,0-14,97723
2012,el_oro,Hombre,15-19,33141
2012,el_oro,Hombre,20-29,60133
2012,el_oro,Hombre,30-44,64772
2012,el_oro,Hombre,45-64,48854
2012,el_oro,Hombre,65+,17236
2012,el_oro,Mujer,0-14,93305
2012,el_oro,Mujer,15-19,31642
2012,el_oro,Mujer,20-29,56984
2012,el_oro,Mujer,30-44,69156
2012,el_oro,Mujer,45-64,52376
2012,el_oro,Mujer,65+,20525
2012,esmeraldas,Hombre,0-14,100571
2012,esmeraldas,Hombre,15-19,29633
2012,esmeraldas,Hombre,20-29,47460
2012,esmeraldas,Hombre,30-44,47305
2012,esmeraldas,Hombre,45-64,36834
2012,esmeraldas,Hombre,65+,13400
2012,esmeraldas,Mujer,0-14,96312
2012,esmeraldas,Mujer,15-19,29175
2012,esmeraldas,Mujer,20-29,46860
2012,esmeraldas,Mujer,30-44,49500
2012,esmeraldas,Mujer,45-64,37715
2012,esmeraldas,Mujer,65+,13595
2012,galapagos,Hombre,0-14,3582
2012,galapagos,Hombre,15-19,1133
2012,galapagos,Hombre,20-29,2295
2012,galapagos,Hombre,30-44,3505
2012,galapagos,Hombre,45-64,2603
2012,galapagos,Hombre,65+,771
2012,galapagos,Mujer,0-14,3603
2012,galapagos,Mujer,15-19,1117
2012,galapagos,Mujer,20-29,2245
2012,galapagos,Mujer,30-44,3168
2012,galapagos,Mujer,45-64,1901
2012,galapagos,Mujer,65+,523
2012,guayas,Hombre,0-14,623583
2012,guayas,Hombre,15-19,189452
2012,guayas,Hombre,20-29,336190
2012,guayas,Hombre,30-44,405140
2012,guayas,Hombre,45-64,331204
2012,guayas,Hombre,65+,103588
2012,guayas,Mujer,0-14,592986
2012,guayas,Mujer,15-19,180366
2012,guayas,Mujer,20-29,323143
2012,guayas,Mujer,30-44,393445
2012,guayas,Mujer,45-64,333665
2012,guayas,Mujer,65+,106651
2012,imbabura,Hombre,0-14,69341
2012,imbabura,Hombre,15-19,22601
2012,imbabura,Hombre,20-29,38274
2012,imbabura,Hombre,30-44,36934
2012,imbabura,Hombre,45-64,29212
2012,imbabura,Hombre,65+,13493
2012,imbabura,Mujer,0-14,67103
2012,imbabura,Mujer,15-19,22053
2012,imbabura,Mujer,20-29,37841
2012,imbabura,Mujer,30-44,43340
2012,imbabura,Mujer,45-64,34875
2012,imbabura,Mujer,65+,17849
2012,loja,Hombre,0-14,74924
2012,loja,Hombre,15-19,25971
2012,loja,Hombre,20-29,43885
2012,loja,Hombre,30-44,41446
2012,loja,Hombre,45-64,35350
2012,loja,Hombre,65+,18110
2012,loja,Mujer,0-14,72022
2012,loja,Mujer,15-19,24990
2012,loja,Mujer,20-29,41566
2012,loja,Mujer,30-44,46372
2012,loja,Mujer,45-64,39991
2012,loja,Mujer,65+,22245
2012,los_rios,Hombre,0-14,133868
2012,los_rios,Hombre,15-19,41874
2012,los_rios,Hombre,20-29,72611
2012,los_rios,Hombre,30-44,80235
2012,los_rios,Hombre,45-64,66213
2012,los_rios,Hombre,65+,22227
2012,los_rios,Mujer,0-14,127804
2012,los_rios,Mujer,15-19,40332
2012,los_rios,Mujer,20-29,69415
2012,los_rios,Mujer,30-44,75308
2012,los_rios,Mujer,45-64,65291
2012,los_rios,Mujer,65+,25989
2012,manabi,Hombre,0-14,233702
2012,manabi,Hombre,15-19,78513
2012,manabi,Hombre,20-29,141191
2012,manabi,Hombre,30-44,133974
2012,manabi,Hombre,45-64,105345
2012,manabi,Hombre,65+,39085
2012,manabi,Mujer,0-14,225602
2012,manabi,Mujer,15-19,76429
2012,manabi,Mujer,20-29,133325
2012,manabi,Mujer,30-44,120706
2012,manabi,Mujer,45-64,108196
2012,manabi,Mujer,65+,58196
2012,morona,Hombre,0-14,35047
2012,morona,Hombre,15-19,10161
2012,morona,Hombre,20-29,15417
2012,morona,Hombre,30-44,11296
2012,morona,Hombre,45-64,7377
2012,morona,Hombre,65+,2991
2012,morona,Mujer,0-14,33384
2012,morona,Mujer,15-19,9676
2012,morona,Mujer,20-29,14321
2012,morona,Mujer,30-44,11687
2012,morona,Mujer,45-64,7618
2012,morona,Mujer,65+,3267
2012,napo,Hombre,0-14,21829
2012,napo,Hombre,15-19,6674
2012,napo,Hombre,20-29,11200
2012,napo,Hombre,30-44,9348
2012,napo,Hombre,45-64,6023
2012,napo,Hombre,65+,2283
2012,napo,Mujer,0-14,20822
2012,napo,Mujer,15-19,6387
2012,napo,Mujer,20-29,10561
2012,napo,Mujer,30-44,9634
2012,napo,Mujer,45-64,5598
2012,napo,Mujer,65+,2064
2012,orellana,Hombre,0-14,28579
2012,orellana,Hombre,15-19,7815
2012,orellana,Hombre,20-29,13413
2012,orellana,Hombre,30-44,15482
2012,orellana,Hombre,45-64,9421
2012,orellana,Hombre,65+,2372
2012,orellana,Mujer,0-14,27342
2012,orellana,Mujer,15-19,7328
2012,orellana,Mujer,20-29,11849
2012,orellana,Mujer,30-44,13265
2012,orellana,Mujer,45-64,7239
2012,orellana,Mujer,65+,1945
2012,pastaza,Hombre,0-14,17311
2012,pastaza,Hombre,15-19,4719
2012,pastaza,Hombre,20-29,8357
2012,pastaza,Hombre,30-44,7992
2012,pastaza,Hombre,45-64,5557
2012,pastaza,Hombre,65+,1720
2012,pastaza,Mujer,0-14,16540
2012,pastaza,Mujer,15-19,4599
2012,pastaza,Mujer,20-29,8774
2012,pastaza,Mujer,30-44,7452
2012,pastaza,Mujer,45-64,5259
2012,pastaza,Mujer,65+,2011
2012,pichincha,Hombre,0-14,382426
2012,pichincha,Hombre,15-19,126255
2012,pichincha,Hombre,20-29,257002
2012,pichincha,Hombre,30-44,306434
2012,pichincha,Hombre,45-64,214414
2012,pichincha,Hombre,65+,69118
2012,pichincha,Mujer,0-14,367105
2012,pichincha,Mujer,15-19,122936
2012,pichincha,Mujer,20-29,267124
2012,pichincha,Mujer,30-44,320660
2012,pichincha,Mujer,45-64,240039
2012,pichincha,Mujer,65+,83715
2012,santa_elena,Hombre,0-14,52878
2012,santa_elena,Hombre,15-19,16781
2012,santa_elena,Hombre,20-29,32735
2012,santa_elena,Hombre,30-44,33721
2012,santa_elena,Hombre,45-64,23011
2012,santa_elena,Hombre,65+,8898
2012,santa_elena,Mujer,0-14,50387
2012,santa_elena,Mujer,15-19,15871
2012,santa_elena,Mujer,20-29,29369
2012,santa_elena,Mujer,30-44,32310
2012,santa_elena,Mujer,45-64,23349
2012,santa_elena,Mujer,65+,10075
2012,santo_domingo,Hombre,0-14,73469
2012,santo_domingo,Hombre,15-19,21867
2012,santo_domingo,Hombre,20-29,38893
2012,santo_domingo,Hombre,30-44,43084
2012,santo_domingo,Hombre,45-64,30164
2012,santo_domingo,Hombre,65+,11466
2012,santo_domingo,Mujer,0-14,70474
2012,santo_domingo,Mujer,15-19,21419
2012,santo_domingo,Mujer,20-29,38495
2012,santo_domingo,Mujer,30-44,45317
2012,santo_domingo,Mujer,45-64,30890
2012,santo_domingo,Mujer,65+,11791
2012,sucumbios,Hombre,0-14,34618
2012,sucumbios,Hombre,15-19,10250
2012,sucumbios,Hombre,20-29,17504
2012,sucumbios,Hombre,30-44,19589
2012,sucumbios,Hombre,45-64,13006
2012,sucumbios,Hombre,65+,3687
2012,sucumbios,Mujer,0-14,33201
2012,sucumbios,Mujer,15-19,9918
2012,sucumbios,Mujer,20-29,16112
2012,sucumbios,Mujer,30-44,16395
2012,sucumbios,Mujer,45-64,9300
2012,sucumbios,Mujer,65+,3024
2012,tungurahua,Hombre,0-14,78322
2012,tungurahua,Hombre,15-19,26768
2012,tungurahua,Hombre,20-29,48300
2012,tungurahua,Hombre,30-44,48259
2012,tungurahua,Hombre,45-64,36381
2012,tungurahua,Hombre,65+,18041
2012,tungurahua,Mujer,0-14,74786
2012,tungurahua,Mujer,15-19,25776
2012,tungurahua,Mujer,20-29,47988
2012,tungurahua,Mujer,30-44,56327
2012,tungurahua,Mujer,45-64,44522
2012,tungurahua,Mujer,65+,21907
2012,zamora,Hombre,0-14,18742
2012,zamora,Hombre,15-19,6081
2012,zamora,Hombre,20-29,9500
2012,zamora,Hombre,30-44,7524
2012,zamora,Hombre,45-64,6921
2012,zamora,Hombre,65+,2684
2012,zamora,Mujer,0-14,17865
2012,zamora,Mujer,15-19,5764
2012,zamora,Mujer,20-29,8670
2012,zamora,Mujer,30-44,6550
2012,zamora,Mujer,45-64,5705
2012,zamora,Mujer,65+,2520
2013,azuay,Hombre,0-14,110107
2013,azuay,Hombre,15-19,36834
2013,azuay,Hombre,20-29,68901
2013,azuay,Hombre,30-44,68857
2013,azuay,Hombre,45-64,46740
2013,azuay,Hombre,65+,23333
2013,azuay,Mujer,0-14,106753
2013,azuay,Mujer,15-19,36820
2013,azuay,Mujer,20-29,71301
2013,azuay,Mujer,30-44,75170
2013,azuay,Mujer,45-64,67640
2013,azuay,Mujer,65+,38317
2013,bolivar,Hombre,0-14,34669
2013,bolivar,Hombre,15-19,10891
2013,bolivar,Hombre,20-29,17653
2013,bolivar,Hombre,30-44,15685
2013,bolivar,Hombre,45-64,14471
2013,bolivar,Hombre,65+,9028
2013,bolivar,Mujer,0-14,33269
2013,bolivar,Mujer,15-19,10695
2013,bolivar,Mujer,20-29,17791
2013,bolivar,Mujer,30-44,18354
2013,bolivar,Mujer,45-64,16086
2013,bolivar,Mujer,65+,10543
2013,carchi,Hombre,0-14,24778
2013,carchi,Hombre,15-19,8441
2013,carchi,Hombre,20-29,15860
2013,carchi,Hombre,30-44,15549
2013,carchi,Hombre,45-64,12449
2013,carchi,Hombre,65+,6521
2013,carchi,Mujer,0-14,23752
2013,carchi,Mujer,15-19,8230
2013,carchi,Mujer,20-29,15347
2013,carchi,Mujer,30-44,17627
2013,carchi,Mujer,45-64,14688
2013,carchi,Mujer,65+,8611
2013,cañar,Hombre,0-14,38602
2013,cañar,Hombre,15-19,11509
2013,cañar,Hombre,20-29,18959
2013,cañar,Hombre,30-44,15339
2013,cañar,Hombre,45-64,14994
2013,cañar,Hombre,65+,8416
2013,cañar,Mujer,0-14,37232
2013,cañar,Mujer,15-19,11729
2013,cañar,Mujer,20-29,21024
2013,cañar,Mujer,30-44,23768
2013,cañar,Mujer,45-64,20001
2013,cañar,Mujer,65+,11346
2013,chimborazo,Hombre,0-14,74742
2013,chimborazo,Hombre,15-19,26362
2013,chimborazo,Hombre,20-29,41707
2013,chimborazo,Hombre,30-44,37841
2013,chimborazo,Hombre,45-64,35461
2013,chimborazo,Hombre,65+,18368
2013,chimborazo,Mujer,0-14,71662
2013,chimborazo,Mujer,15-19,25747
2013,chimborazo,Mujer,20-29,41498
2013,chimborazo,Mujer,30-44,45581
2013,chimborazo,Mujer,45-64,43755
2013,chimborazo,Mujer,65+,24870
2013,cotopaxi,Hombre,0-14,70221
2013,cotopaxi,Hombre,15-19,22619
2013,cotopaxi,Hombre,20-29,40025
2013,cotopaxi,Hombre,30-44,37865
2013,cotopaxi,Hombre,45-64,26648
2013,cotopaxi,Hombre,65+,12669
2013,cotopaxi,Mujer,0-14,67598
2013,cotopaxi,Mujer,15-19,22457
2013,cotopaxi,Mujer,20-29,39725
2013,cotopaxi,Mujer,30-44,43899
2013,cotopaxi,Mujer,45-64,32304
2013,cotopaxi,Mujer,65+,14995
2013,el_oro,Hombre,0-14,97857
2013,el_oro,Hombre,15-19,33250
2013,el_oro,Hombre,20-29,61503
2013,el_oro,Hombre,30-44,66891
2013,el_oro,Hombre,45-64,50740
2013,el_oro,Hombre,65+,18016
2013,el_oro,Mujer,0-14,93332
2013,el_oro,Mujer,15-19,31732
2013,el_oro,Mujer,20-29,58239
2013,el_oro,Mujer,30-44,70863
2013,el_oro,Mujer,45-64,54534
2013,el_oro,Mujer,65+,21390
2013,esmeraldas,Hombre,0-14,100426
2013,esmeraldas,Hombre,15-19,29640
2013,esmeraldas,Hombre,20-29,48052
2013,esmeraldas,Hombre,30-44,48556
2013,esmeraldas,Hombre,45-64,37803
2013,esmeraldas,Hombre,65+,13981
2013,esmeraldas,Mujer,0-14,96146
2013,esmeraldas,Mujer,15-19,29268
2013,esmeraldas,Mujer,20-29,47607
2013,esmeraldas,Mujer,30-44,50689
2013,esmeraldas,Mujer,45-64,38845
2013,esmeraldas,Mujer,65+,14106
2013,galapagos,Hombre,0-14,3573
2013,galapagos,Hombre,15-19,1125
2013,galapagos,Hombre,20-29,2297
2013,galapagos,Hombre,30-44,3551
2013,galapagos,Hombre,45-64,2624
2013,galapagos,Hombre,65+,813
2013,galapagos,Mujer,0-14,3594
2013,galapagos,Mujer,15-19,1120
2013,galapagos,Mujer,20-29,2258
2013,galapagos,Mujer,30-44,3223
2013,galapagos,Mujer,45-64,1989
2013,galapagos,Mujer,65+,551
2013,guayas,Hombre,0-14,629222
2013,guayas,Hombre,15-19,192604
2013,guayas,Hombre,20-29,343105
2013,guayas,Hombre,30-44,413369
2013,guayas,Hombre,45-64,343596
2013,guayas,Hombre,65+,108612
2013,guayas,Mujer,0-14,597887
2013,guayas,Mujer,15-19,182771
2013,guayas,Mujer,20-29,328893
2013,guayas,Mujer,30-44,400961
2013,guayas,Mujer,45-64,346318
2013,guayas,Mujer,65+,111852
2013,imbabura,Hombre,0-14,69189
2013,imbabura,Hombre,15-19,22733
2013,imbabura,Hombre,20-29,39310
2013,imbabura,Hombre,30-44,37988
2013,imbabura,Hombre,45-64,30038
2013,imbabura,Hombre,65+,13958
2013,imbabura,Mujer,0-14,66886
2013,imbabura,Mujer,15-19,22200
2013,imbabura,Mujer,20-29,38654
2013,imbabura,Mujer,30-44,44152
2013,imbabura,Mujer,45-64,35872
2013,imbabura,Mujer,65+,18411
2013,loja,Hombre,0-14,74238
2013,loja,Hombre,15-19,25721
2013,loja,Hombre,20-29,44602
2013,loja,Hombre,30-44,42231
2013,loja,Hombre,45-64,35910
2013,loja,Hombre,65+,18504
2013,loja,Mujer,0-14,71383
2013,loja,Mujer,15-19,24809
2013,loja,Mujer,20-29,42310
2013,loja,Mujer,30-44,46724
2013,loja,Mujer,45-64,40798
2013,loja,Mujer,65+,22659
2013,los_rios,Hombre,0-14,134636
2013,los_rios,Hombre,15-19,42077
2013,los_rios,Hombre,20-29,74099
2013,los_rios,Hombre,30-44,82245
2013,los_rios,Hombre,45-64,67886
2013,los_rios,Hombre,65+,23338
2013,los_rios,Mujer,0-14,128428
2013,los_rios,Mujer,15-19,40511
2013,los_rios,Mujer,20-29,71118
2013,los_rios,Mujer,30-44,77437
2013,los_rios,Mujer,45-64,67219
2013,los_rios,Mujer,65+,27335
2013,manabi,Hombre,0-14,233355
2013,manabi,Hombre,15-19,78477
2013,manabi,Hombre,20-29,144538
2013,manabi,Hombre,30-44,138752
2013,manabi,Hombre,45-64,106986
2013,manabi,Hombre,65+,40731
2013,manabi,Mujer,0-14,225013
2013,manabi,Mujer,15-19,76312
2013,manabi,Mujer,20-29,137639
2013,manabi,Mujer,30-44,125195
2013,manabi,Mujer,45-64,109983
2013,manabi,Mujer,65+,61129
2013,morona,Hombre,0-14,35340
2013,morona,Hombre,15-19,10368
2013,morona,Hombre,20-29,16056
2013,morona,Hombre,30-44,11822
2013,morona,Hombre,45-64,7585
2013,morona,Hombre,65+,3110
2013,morona,Mujer,0-14,33642
2013,morona,Mujer,15-19,9879
2013,morona,Mujer,20-29,14972
2013,morona,Mujer,30-44,12157
2013,morona,Mujer,45-64,7864
2013,morona,Mujer,65+,3403
2013,napo,Hombre,0-14,22034
2013,napo,Hombre,15-19,6718
2013,napo,Hombre,20-29,11473
2013,napo,Hombre,30-44,9696
2013,napo,Hombre,45-64,6196
2013,napo,Hombre,65+,2411
2013,napo,Mujer,0-14,21007
2013,napo,Mujer,15-19,6431
2013,napo,Mujer,20-29,10864
2013,napo,Mujer,30-44,10021
2013,napo,Mujer,45-64,5825
2013,napo,Mujer,65+,2158
2013,orellana,Hombre,0-14,29175
2013,orellana,Hombre,15-19,8008
2013,orellana,Hombre,20-29,13676
2013,orellana,Hombre,30-44,15949
2013,orellana,Hombre,45-64,9954
2013,orellana,Hombre,65+,2528
2013,orellana,Mujer,0-14,27954
2013,orellana,Mujer,15-19,7580
2013,orellana,Mujer,20-29,12228
2013,orellana,Mujer,30-44,13754
2013,orellana,Mujer,45-64,7693
2013,orellana,Mujer,65+,2063
2013,pastaza,Hombre,0-14,17689
2013,pastaza,Hombre,15-19,4812
2013,pastaza,Hombre,20-29,8591
2013,pastaza,Hombre,30-44,8301
2013,pastaza,Hombre,45-64,5764
2013,pastaza,Hombre,65+,1830
2013,pastaza,Mujer,0-14,16888
2013,pastaza,Mujer,15-19,4688
2013,pastaza,Mujer,20-29,9057
2013,pastaza,Mujer,30-44,7809
2013,pastaza,Mujer,45-64,5440
2013,pastaza,Mujer,65+,2118
2013,pichincha,Hombre,0-14,384319
2013,pichincha,Hombre,15-19,127075
2013,pichincha,Hombre,20-29,260461
2013,pichincha,Hombre,30-44,316326
2013,pichincha,Hombre,45-64,222822
2013,pichincha,Hombre,65+,73118
2013,pichincha,Mujer,0-14,368717
2013,pichincha,Mujer,15-19,123705
2013,pichincha,Mujer,20-29,269137
2013,pichincha,Mujer,30-44,331951
2013,pichincha,Mujer,45-64,248710
2013,pichincha,Mujer,65+,88464
2013,santa_elena,Hombre,0-14,53685
2013,santa_elena,Hombre,15-19,16925
2013,santa_elena,Hombre,20-29,33344
2013,santa_elena,Hombre,30-44,35077
2013,santa_elena,Hombre,45-64,23929
2013,santa_elena,Hombre,65+,9217
2013,santa_elena,Mujer,0-14,51260
2013,santa_elena,Mujer,15-19,16172
2013,santa_elena,Mujer,20-29,30306
2013,santa_elena,Mujer,30-44,33394
2013,santa_elena,Mujer,45-64,24274
2013,santa_elena,Mujer,65+,10376
2013,santo_domingo,Hombre,0-14,74720
2013,santo_domingo,Hombre,15-19,22272
2013,santo_domingo,Hombre,20-29,39842
2013,santo_domingo,Hombre,30-44,44371
2013,santo_domingo,Hombre,45-64,31300
2013,santo_domingo,Hombre,65+,11935
2013,santo_domingo,Mujer,0-14,71688
2013,santo_domingo,Mujer,15-19,21929
2013,santo_domingo,Mujer,20-29,39601
2013,santo_domingo,Mujer,30-44,46554
2013,santo_domingo,Mujer,45-64,32205
2013,santo_domingo,Mujer,65+,12273
2013,sucumbios,Hombre,0-14,34896
2013,sucumbios,Hombre,15-19,10412
2013,sucumbios,Hombre,20-29,17755
2013,sucumbios,Hombre,30-44,20091
2013,sucumbios,Hombre,45-64,13624
2013,sucumbios,Hombre,65+,3877
2013,sucumbios,Mujer,0-14,33423
2013,sucumbios,Mujer,15-19,10091
2013,sucumbios,Mujer,20-29,16479
2013,sucumbios,Mujer,30-44,16978
2013,sucumbios,Mujer,45-64,9773
2013,sucumbios,Mujer,65+,3138
2013,tungurahua,Hombre,0-14,78228
2013,tungurahua,Hombre,15-19,26609
2013,tungurahua,Hombre,20-29,49206
2013,tungurahua,Hombre,30-44,49428
2013,tungurahua,Hombre,45-64,37391
2013,tungurahua,Hombre,65+,18634
2013,tungurahua,Mujer,0-14,74671
2013,tungurahua,Mujer,15-19,25625
2013,tungurahua,Mujer,20-29,48629
2013,tungurahua,Mujer,30-44,57187
2013,tungurahua,Mujer,45-64,45877
2013,tungurahua,Mujer,65+,22616
2013,zamora,Hombre,0-14,18708
2013,zamora,Hombre,15-19,6076
2013,zamora,Hombre,20-29,9811
2013,zamora,Hombre,30-44,7724
2013,zamora,Hombre,45-64,7069
2013,zamora,Hombre,65+,2837
2013,zamora,Mujer,0-14,17888
2013,zamora,Mujer,15-19,5855
2013,zamora,Mujer,20-29,9170
2013,zamora,Mujer,30-44,6855
2013,zamora,Mujer,45-64,5812
2013,zamora,Mujer,65+,2644
2014,azuay,Hombre,0-14,110461
2014,azuay,Hombre,15-19,36513
2014,azuay,Hombre,20-29,69939
2014,azuay,Hombre,30-44,71314
2014,azuay,Hombre,45-64,47982
2014,azuay,Hombre,65+,24039
2014,azuay,Mujer,0-14,106967
2014,azuay,Mujer,15-19,36442
2014,azuay,Mujer,20-29,72434
2014,azuay,Mujer,30-44,77479
2014,azuay,Mujer,45-64,69444
2014,azuay,Mujer,65+,39775
2014,bolivar,Hombre,0-14,34136
2014,bolivar,Hombre,15-19,10920
2014,bolivar,Hombre,20-29,17911
2014,bolivar,Hombre,30-44,16022
2014,bolivar,Hombre,45-64,14599
2014,bolivar,Hombre,65+,9276
2014,bolivar,Mujer,0-14,32707
2014,bolivar,Mujer,15-19,10702
2014,bolivar,Mujer,20-29,17961
2014,bolivar,Mujer,30-44,18588
2014,bolivar,Mujer,45-64,16283
2014,bolivar,Mujer,65+,10752
2014,carchi,Hombre,0-14,24700
2014,carchi,Hombre,15-19,8331
2014,carchi,Hombre,20-29,16022
2014,carchi,Hombre,30-44,15958
2014,carchi,Hombre,45-64,12619
2014,carchi,Hombre,65+,6795
2014,carchi,Mujer,0-14,23631
2014,carchi,Mujer,15-19,8099
2014,carchi,Mujer,20-29,15477
2014,carchi,Mujer,30-44,17796
2014,carchi,Mujer,45-64,14932
2014,carchi,Mujer,65+,8867
2014,cañar,Hombre,0-14,38648
2014,cañar,Hombre,15-19,11263
2014,cañar,Hombre,20-29,19105
2014,cañar,Hombre,30-44,15620
2014,cañar,Hombre,45-64,15167
2014,cañar,Hombre,65+,8718
2014,cañar,Mujer,0-14,37210
2014,cañar,Mujer,15-19,11465
2014,cañar,Mujer,20-29,21027
2014,cañar,Mujer,30-44,23925
2014,cañar,Mujer,45-64,20480
2014,cañar,Mujer,65+,11624
2014,chimborazo,Hombre,0-14,73845
2014,chimborazo,Hombre,15-19,26277
2014,chimborazo,Hombre,20-29,42726
2014,chimborazo,Hombre,30-44,38848
2014,chimborazo,Hombre,45-64,36023
2014,chimborazo,Hombre,65+,19113
2014,chimborazo,Mujer,0-14,70668
2014,chimborazo,Mujer,15-19,25633
2014,chimborazo,Mujer,20-29,42338
2014,chimborazo,Mujer,30-44,46052
2014,chimborazo,Mujer,45-64,44425
2014,chimborazo,Mujer,65+,25592
2014,cotopaxi,Hombre,0-14,70060
2014,cotopaxi,Hombre,15-19,22741
2014,cotopaxi,Hombre,20-29,40829
2014,cotopaxi,Hombre,30-44,39494
2014,cotopaxi,Hombre,45-64,27268
2014,cotopaxi,Hombre,65+,13164
2014,cotopaxi,Mujer,0-14,67242
2014,cotopaxi,Mujer,15-19,22489
2014,cotopaxi,Mujer,20-29,40405
2014,cotopaxi,Mujer,30-44,45006
2014,cotopaxi,Mujer,45-64,33150
2014,cotopaxi,Mujer,65+,15575
2014,el_oro,Hombre,0-14,98029
2014,el_oro,Hombre,15-19,33304
2014,el_oro,Hombre,20-29,62720
2014,el_oro,Hombre,30-44,69191
2014,el_oro,Hombre,45-64,52626
2014,el_oro,Hombre,65+,18885
2014,el_oro,Mujer,0-14,93405
2014,el_oro,Mujer,15-19,31760
2014,el_oro,Mujer,20-29,59395
2014,el_oro,Mujer,30-44,72612
2014,el_oro,Mujer,45-64,56714
2014,el_oro,Mujer,65+,22346
2014,esmeraldas,Hombre,0-14,100200
2014,esmeraldas,Hombre,15-19,29599
2014,esmeraldas,Hombre,20-29,48551
2014,esmeraldas,Hombre,30-44,49899
2014,esmeraldas,Hombre,45-64,38701
2014,esmeraldas,Hombre,65+,14679
2014,esmeraldas,Mujer,0-14,95939
2014,esmeraldas,Mujer,15-19,29310
2014,esmeraldas,Mujer,20-29,48321
2014,esmeraldas,Mujer,30-44,51897
2014,esmeraldas,Mujer,45-64,39899
2014,esmeraldas,Mujer,65+,14703
2014,galapagos,Hombre,0-14,3556
2014,galapagos,Hombre,15-19,1127
2014,galapagos,Hombre,20-29,2289
2014,galapagos,Hombre,30-44,3595
2014,galapagos,Hombre,45-64,2652
2014,galapagos,Hombre,65+,859
2014,galapagos,Mujer,0-14,3580
2014,galapagos,Mujer,15-19,1142
2014,galapagos,Mujer,20-29,2264
2014,galapagos,Mujer,30-44,3275
2014,galapagos,Mujer,45-64,2080
2014,galapagos,Mujer,65+,579
2014,guayas,Hombre,0-14,634227
2014,guayas,Hombre,15-19,195573
2014,guayas,Hombre,20-29,350079
2014,guayas,Hombre,30-44,422074
2014,guayas,Hombre,45-64,355526
2014,guayas,Hombre,65+,114313
2014,guayas,Mujer,0-14,602274
2014,guayas,Mujer,15-19,184923
2014,guayas,Mujer,20-29,334427
2014,guayas,Mujer,30-44,409109
2014,guayas,Mujer,45-64,358574
2014,guayas,Mujer,65+,117840
2014,imbabura,Hombre,0-14,68964
2014,imbabura,Hombre,15-19,22821
2014,imbabura,Hombre,20-29,40279
2014,imbabura,Hombre,30-44,39122
2014,imbabura,Hombre,45-64,30873
2014,imbabura,Hombre,65+,14458
2014,imbabura,Mujer,0-14,66599
2014,imbabura,Mujer,15-19,22296
2014,imbabura,Mujer,20-29,39452
2014,imbabura,Mujer,30-44,44938
2014,imbabura,Mujer,45-64,36905
2014,imbabura,Mujer,65+,18988
2014,loja,Hombre,0-14,73561
2014,loja,Hombre,15-19,25392
2014,loja,Hombre,20-29,45141
2014,loja,Hombre,30-44,43113
2014,loja,Hombre,45-64,36362
2014,loja,Hombre,65+,18973
2014,loja,Mujer,0-14,70747
2014,loja,Mujer,15-19,24551
2014,loja,Mujer,20-29,42951
2014,loja,Mujer,30-44,47080
2014,loja,Mujer,45-64,41525
2014,loja,Mujer,65+,23127
2014,los_rios,Hombre,0-14,135374
2014,los_rios,Hombre,15-19,42241
2014,los_rios,Hombre,20-29,75586
2014,los_rios,Hombre,30-44,84315
2014,los_rios,Hombre,45-64,69517
2014,los_rios,Hombre,65+,24532
2014,los_rios,Mujer,0-14,129068
2014,los_rios,Mujer,15-19,40658
2014,los_rios,Mujer,20-29,72782
2014,los_rios,Mujer,30-44,79767
2014,los_rios,Mujer,45-64,69083
2014,los_rios,Mujer,65+,28918
2014,manabi,Hombre,0-14,233075
2014,manabi,Hombre,15-19,78405
2014,manabi,Hombre,20-29,147544
2014,manabi,Hombre,30-44,143919
2014,manabi,Hombre,45-64,108552
2014,manabi,Hombre,65+,42653
2014,manabi,Mujer,0-14,224513
2014,manabi,Mujer,15-19,76152
2014,manabi,Mujer,20-29,141559
2014,manabi,Mujer,30-44,130290
2014,manabi,Mujer,45-64,111642
2014,manabi,Mujer,65+,64411
2014,morona,Hombre,0-14,35605
2014,morona,Hombre,15-19,10550
2014,morona,Hombre,20-29,16672
2014,morona,Hombre,30-44,12432
2014,morona,Hombre,45-64,7788
2014,morona,Hombre,65+,3239
2014,morona,Mujer,0-14,33869
2014,morona,Mujer,15-19,10053
2014,morona,Mujer,20-29,15605
2014,morona,Mujer,30-44,12672
2014,morona,Mujer,45-64,8110
2014,morona,Mujer,65+,3557
2014,napo,Hombre,0-14,22232
2014,napo,Hombre,15-19,6751
2014,napo,Hombre,20-29,11724
2014,napo,Hombre,30-44,10074
2014,napo,Hombre,45-64,6368
2014,napo,Hombre,65+,2551
2014,napo,Mujer,0-14,21187
2014,napo,Mujer,15-19,6465
2014,napo,Mujer,20-29,11167
2014,napo,Mujer,30-44,10432
2014,napo,Mujer,45-64,6074
2014,napo,Mujer,65+,2261
2014,orellana,Hombre,0-14,29733
2014,orellana,Hombre,15-19,8191
2014,orellana,Hombre,20-29,13949
2014,orellana,Hombre,30-44,16418
2014,orellana,Hombre,45-64,10503
2014,orellana,Hombre,65+,2689
2014,orellana,Mujer,0-14,28516
2014,orellana,Mujer,15-19,7812
2014,orellana,Mujer,20-29,12626
2014,orellana,Mujer,30-44,14223
2014,orellana,Mujer,45-64,8165
2014,orellana,Mujer,65+,2182
2014,pastaza,Hombre,0-14,18057
2014,pastaza,Hombre,15-19,4907
2014,pastaza,Hombre,20-29,8817
2014,pastaza,Hombre,30-44,8623
2014,pastaza,Hombre,45-64,5978
2014,pastaza,Hombre,65+,1943
2014,pastaza,Mujer,0-14,17221
2014,pastaza,Mujer,15-19,4780
2014,pastaza,Mujer,20-29,9323
2014,pastaza,Mujer,30-44,8189
2014,pastaza,Mujer,45-64,5622
2014,pastaza,Mujer,65+,2225
2014,pichincha,Hombre,0-14,385748
2014,pichincha,Hombre,15-19,128060
2014,pichincha,Hombre,20-29,263776
2014,pichincha,Hombre,30-44,326212
2014,pichincha,Hombre,45-64,231162
2014,pichincha,Hombre,65+,77603
2014,pichincha,Mujer,0-14,369922
2014,pichincha,Mujer,15-19,124748
2014,pichincha,Mujer,20-29,270879
2014,pichincha,Mujer,30-44,343485
2014,pichincha,Mujer,45-64,257315
2014,pichincha,Mujer,65+,93885
2014,santa_elena,Hombre,0-14,54481
2014,santa_elena,Hombre,15-19,17058
2014,santa_elena,Hombre,20-29,33899
2014,santa_elena,Hombre,30-44,36510
2014,santa_elena,Hombre,45-64,24854
2014,santa_elena,Hombre,65+,9573
2014,santa_elena,Mujer,0-14,52109
2014,santa_elena,Mujer,15-19,16462
2014,santa_elena,Mujer,20-29,31249
2014,santa_elena,Mujer,30-44,34519
2014,santa_elena,Mujer,45-64,25201
2014,santa_elena,Mujer,65+,10715
2014,santo_domingo,Hombre,0-14,75883
2014,santo_domingo,Hombre,15-19,22621
2014,santo_domingo,Hombre,20-29,40776
2014,santo_domingo,Hombre,30-44,45662
2014,santo_domingo,Hombre,45-64,32431
2014,santo_domingo,Hombre,65+,12453
2014,santo_domingo,Mujer,0-14,72763
2014,santo_domingo,Mujer,15-19,22341
2014,santo_domingo,Mujer,20-29,40650
2014,santo_domingo,Mujer,30-44,47716
2014,santo_domingo,Mujer,45-64,33517
2014,santo_domingo,Mujer,65+,12794
2014,sucumbios,Hombre,0-14,35016
2014,sucumbios,Hombre,15-19,10468
2014,sucumbios,Hombre,20-29,17882
2014,sucumbios,Hombre,30-44,20513
2014,sucumbios,Hombre,45-64,14240
2014,sucumbios,Hombre,65+,4085
2014,sucumbios,Mujer,0-14,33558
2014,sucumbios,Mujer,15-19,10200
2014,sucumbios,Mujer,20-29,16799
2014,sucumbios,Mujer,30-44,17510
2014,sucumbios,Mujer,45-64,10254
2014,sucumbios,Mujer,65+,3256
2014,tungurahua,Hombre,0-14,78125
2014,tungurahua,Hombre,15-19,26414
2014,tungurahua,Hombre,20-29,49921
2014,tungurahua,Hombre,30-44,50713
2014,tungurahua,Hombre,45-64,38357
2014,tungurahua,Hombre,65+,19294
2014,tungurahua,Mujer,0-14,74555
2014,tungurahua,Mujer,15-19,25441
2014,tungurahua,Mujer,20-29,49135
2014,tungurahua,Mujer,30-44,58055
2014,tungurahua,Mujer,45-64,47198
2014,tungurahua,Mujer,65+,23401
2014,zamora,Hombre,0-14,18665
2014,zamora,Hombre,15-19,6052
2014,zamora,Hombre,20-29,10081
2014,zamora,Hombre,30-44,7969
2014,zamora,Hombre,45-64,7200
2014,zamora,Hombre,65+,3003
2014,zamora,Mujer,0-14,17892
2014,zamora,Mujer,15-19,5920
2014,zamora,Mujer,20-29,9653
2014,zamora,Mujer,30-44,7207
2014,zamora,Mujer,45-64,5907
2014,zamora,Mujer,65+,2781
2015,azuay,Hombre,0-14,110811
2015,azuay,Hombre,15-19,36155
2015,azuay,Hombre,20-29,70827
2015,azuay,Hombre,30-44,73831
2015,azuay,Hombre,45-64,49307
2015,azuay,Hombre,65+,24779
2015,azuay,Mujer,0-14,107197
2015,azuay,Mujer,15-19,36034
2015,azuay,Mujer,20-29,73338
2015,azuay,Mujer,30-44,79927
2015,azuay,Mujer,45-64,71234
2015,azuay,Mujer,65+,41198
2015,bolivar,Hombre,0-14,33530
2015,bolivar,Hombre,15-19,10934
2015,bolivar,Hombre,20-29,18111
2015,bolivar,Hombre,30-44,16403
2015,bolivar,Hombre,45-64,14711
2015,bolivar,Hombre,65+,9530
2015,bolivar,Mujer,0-14,32082
2015,bolivar,Mujer,15-19,10692
2015,bolivar,Mujer,20-29,18082
2015,bolivar,Mujer,30-44,18822
2015,bolivar,Mujer,45-64,16482
2015,bolivar,Mujer,65+,10951
2015,carchi,Hombre,0-14,24679
2015,carchi,Hombre,15-19,8264
2015,carchi,Hombre,20-29,16229
2015,carchi,Hombre,30-44,16508
2015,carchi,Hombre,45-64,12868
2015,carchi,Hombre,65+,7099
2015,carchi,Mujer,0-14,23564
2015,carchi,Mujer,15-19,8003
2015,carchi,Mujer,20-29,15642
2015,carchi,Mujer,30-44,18051
2015,carchi,Mujer,45-64,15251
2015,carchi,Mujer,65+,9144
2015,cañar,Hombre,0-14,38670
2015,cañar,Hombre,15-19,11018
2015,cañar,Hombre,20-29,19158
2015,cañar,Hombre,30-44,15963
2015,cañar,Hombre,45-64,15319
2015,cañar,Hombre,65+,9034
2015,cañar,Mujer,0-14,37177
2015,cañar,Mujer,15-19,11193
2015,cañar,Mujer,20-29,20952
2015,cañar,Mujer,30-44,24068
2015,cañar,Mujer,45-64,20963
2015,cañar,Mujer,65+,11904
2015,chimborazo,Hombre,0-14,72917
2015,chimborazo,Hombre,15-19,26077
2015,chimborazo,Hombre,20-29,43613
2015,chimborazo,Hombre,30-44,39917
2015,chimborazo,Hombre,45-64,36550
2015,chimborazo,Hombre,65+,19917
2015,chimborazo,Mujer,0-14,69667
2015,chimborazo,Mujer,15-19,25396
2015,chimborazo,Mujer,20-29,43089
2015,chimborazo,Mujer,30-44,46489
2015,chimborazo,Mujer,45-64,45084
2015,chimborazo,Mujer,65+,26320
2015,cotopaxi,Hombre,0-14,69820
2015,cotopaxi,Hombre,15-19,22877
2015,cotopaxi,Hombre,20-29,41604
2015,cotopaxi,Hombre,30-44,41232
2015,cotopaxi,Hombre,45-64,27941
2015,cotopaxi,Hombre,65+,13677
2015,cotopaxi,Mujer,0-14,66826
2015,cotopaxi,Mujer,15-19,22510
2015,cotopaxi,Mujer,20-29,41052
2015,cotopaxi,Mujer,30-44,46101
2015,cotopaxi,Mujer,45-64,34053
2015,cotopaxi,Mujer,65+,16170
2015,el_oro,Hombre,0-14,98190
2015,el_oro,Hombre,15-19,33311
2015,el_oro,Hombre,20-29,63792
2015,el_oro,Hombre,30-44,71579
2015,el_oro,Hombre,45-64,54558
2015,el_oro,Hombre,65+,19778
2015,el_oro,Mujer,0-14,93467
2015,el_oro,Mujer,15-19,31730
2015,el_oro,Mujer,20-29,60437
2015,el_oro,Mujer,30-44,74318
2015,el_oro,Mujer,45-64,58966
2015,el_oro,Mujer,65+,23319
2015,esmeraldas,Hombre,0-14,99851
2015,esmeraldas,Hombre,15-19,29536
2015,esmeraldas,Hombre,20-29,48966
2015,esmeraldas,Hombre,30-44,51307
2015,esmeraldas,Hombre,45-64,39550
2015,esmeraldas,Hombre,65+,15448
2015,esmeraldas,Mujer,0-14,95646
2015,esmeraldas,Mujer,15-19,29307
2015,esmeraldas,Mujer,20-29,48998
2015,esmeraldas,Mujer,30-44,53106
2015,esmeraldas,Mujer,45-64,40907
2015,esmeraldas,Mujer,65+,15345
2015,galapagos,Hombre,0-14,3538
2015,galapagos,Hombre,15-19,1138
2015,galapagos,Hombre,20-29,2273
2015,galapagos,Hombre,30-44,3643
2015,galapagos,Hombre,45-64,2677
2015,galapagos,Hombre,65+,907
2015,galapagos,Mujer,0-14,3562
2015,galapagos,Mujer,15-19,1171
2015,galapagos,Mujer,20-29,2269
2015,galapagos,Mujer,30-44,3322
2015,galapagos,Mujer,45-64,2170
2015,galapagos,Mujer,65+,614
2015,guayas,Hombre,0-14,638349
2015,guayas,Hombre,15-19,198324
2015,guayas,Hombre,20-29,357243
2015,guayas,Hombre,30-44,431127
2015,guayas,Hombre,45-64,367272
2015,guayas,Hombre,65+,120403
2015,guayas,Mujer,0-14,605983
2015,guayas,Mujer,15-19,186878
2015,guayas,Mujer,20-29,340033
2015,guayas,Mujer,30-44,417846
2015,guayas,Mujer,45-64,370694
2015,guayas,Mujer,65+,124288
2015,imbabura,Hombre,0-14,68643
2015,imbabura,Hombre,15-19,22870
2015,imbabura,Hombre,20-29,41174
2015,imbabura,Hombre,30-44,40357
2015,imbabura,Hombre,45-64,31713
2015,imbabura,Hombre,65+,14991
2015,imbabura,Mujer,0-14,66238
2015,imbabura,Mujer,15-19,22340
2015,imbabura,Mujer,20-29,40219
2015,imbabura,Mujer,30-44,45723
2015,imbabura,Mujer,45-64,37957
2015,imbabura,Mujer,65+,19569
2015,loja,Hombre,0-14,72907
2015,loja,Hombre,15-19,24956
2015,loja,Hombre,20-29,45513
2015,loja,Hombre,30-44,44048
2015,loja,Hombre,45-64,36763
2015,loja,Hombre,65+,19461
2015,loja,Mujer,0-14,70134
2015,loja,Mujer,15-19,24186
2015,loja,Mujer,20-29,43480
2015,loja,Mujer,30-44,47402
2015,loja,Mujer,45-64,42231
2015,loja,Mujer,65+,23588
2015,los_rios,Hombre,0-14,136031
2015,los_rios,Hombre,15-19,42394
2015,los_rios,Hombre,20-29,77069
2015,los_rios,Hombre,30-44,86417
2015,los_rios,Hombre,45-64,71132
2015,los_rios,Hombre,65+,25796
2015,los_rios,Mujer,0-14,129681
2015,los_rios,Mujer,15-19,40816
2015,los_rios,Mujer,20-29,74471
2015,los_rios,Mujer,30-44,82271
2015,los_rios,Mujer,45-64,70974
2015,los_rios,Mujer,65+,30738
2015,manabi,Hombre,0-14,232773
2015,manabi,Hombre,15-19,78290
2015,manabi,Hombre,20-29,150243
2015,manabi,Hombre,30-44,149419
2015,manabi,Hombre,45-64,110270
2015,manabi,Hombre,65+,44635
2015,manabi,Mujer,0-14,224033
2015,manabi,Mujer,15-19,75946
2015,manabi,Mujer,20-29,145103
2015,manabi,Mujer,30-44,135919
2015,manabi,Mujer,45-64,113433
2015,manabi,Mujer,65+,67845
2015,morona,Hombre,0-14,35837
2015,morona,Hombre,15-19,10707
2015,morona,Hombre,20-29,17265
2015,morona,Hombre,30-44,13108
2015,morona,Hombre,45-64,8003
2015,morona,Hombre,65+,3373
2015,morona,Mujer,0-14,34068
2015,morona,Mujer,15-19,10194
2015,morona,Mujer,20-29,16213
2015,morona,Mujer,30-44,13230
2015,morona,Mujer,45-64,8366
2015,morona,Mujer,65+,3714
2015,napo,Hombre,0-14,22416
2015,napo,Hombre,15-19,6780
2015,napo,Hombre,20-29,11953
2015,napo,Hombre,30-44,10483
2015,napo,Hombre,45-64,6545
2015,napo,Hombre,65+,2693
2015,napo,Mujer,0-14,21357
2015,napo,Mujer,15-19,6489
2015,napo,Mujer,20-29,11450
2015,napo,Mujer,30-44,10849
2015,napo,Mujer,45-64,6337
2015,napo,Mujer,65+,2366
2015,orellana,Hombre,0-14,30237
2015,orellana,Hombre,15-19,8368
2015,orellana,Hombre,20-29,14238
2015,orellana,Hombre,30-44,16878
2015,orellana,Hombre,45-64,11062
2015,orellana,Hombre,65+,2863
2015,orellana,Mujer,0-14,29020
2015,orellana,Mujer,15-19,8027
2015,orellana,Mujer,20-29,13035
2015,orellana,Mujer,30-44,14668
2015,orellana,Mujer,45-64,8648
2015,orellana,Mujer,65+,2311
2015,pastaza,Hombre,0-14,18397
2015,pastaza,Hombre,15-19,5005
2015,pastaza,Hombre,20-29,9041
2015,pastaza,Hombre,30-44,8959
2015,pastaza,Hombre,45-64,6199
2015,pastaza,Hombre,65+,2064
2015,pastaza,Mujer,0-14,17531
2015,pastaza,Mujer,15-19,4874
2015,pastaza,Mujer,20-29,9573
2015,pastaza,Mujer,30-44,8584
2015,pastaza,Mujer,45-64,5801
2015,pastaza,Mujer,65+,2342
2015,pichincha,Hombre,0-14,386748
2015,pichincha,Hombre,15-19,129096
2015,pichincha,Hombre,20-29,267032
2015,pichincha,Hombre,30-44,336065
2015,pichincha,Hombre,45-64,239711
2015,pichincha,Hombre,65+,82366
2015,pichincha,Mujer,0-14,370733
2015,pichincha,Mujer,15-19,125935
2015,pichincha,Mujer,20-29,272527
2015,pichincha,Mujer,30-44,355184
2015,pichincha,Mujer,45-64,266138
2015,pichincha,Mujer,65+,99719
2015,santa_elena,Hombre,0-14,55241
2015,santa_elena,Hombre,15-19,17199
2015,santa_elena,Hombre,20-29,34423
2015,santa_elena,Hombre,30-44,37994
2015,santa_elena,Hombre,45-64,25802
2015,santa_elena,Hombre,65+,9952
2015,santa_elena,Mujer,0-14,52912
2015,santa_elena,Mujer,15-19,16751
2015,santa_elena,Mujer,20-29,32203
2015,santa_elena,Mujer,30-44,35669
2015,santa_elena,Mujer,45-64,26150
2015,santa_elena,Mujer,65+,11067
2015,santo_domingo,Hombre,0-14,76888
2015,santo_domingo,Hombre,15-19,22883
2015,santo_domingo,Hombre,20-29,41612
2015,santo_domingo,Hombre,30-44,46954
2015,santo_domingo,Hombre,45-64,33588
2015,santo_domingo,Hombre,65+,12966
2015,santo_domingo,Mujer,0-14,73609
2015,santo_domingo,Mujer,15-19,22582
2015,santo_domingo,Mujer,20-29,41492
2015,santo_domingo,Mujer,30-44,48765
2015,santo_domingo,Mujer,45-64,34828
2015,santo_domingo,Mujer,65+,13317
2015,sucumbios,Hombre,0-14,35071
2015,sucumbios,Hombre,15-19,10485
2015,sucumbios,Hombre,20-29,17986
2015,sucumbios,Hombre,30-44,20899
2015,sucumbios,Hombre,45-64,14860
2015,sucumbios,Hombre,65+,4309
2015,sucumbios,Mujer,0-14,33646
2015,sucumbios,Mujer,15-19,10268
2015,sucumbios,Mujer,20-29,17107
2015,sucumbios,Mujer,30-44,18008
2015,sucumbios,Mujer,45-64,10749
2015,sucumbios,Mujer,65+,3385
2015,tungurahua,Hombre,0-14,77969
2015,tungurahua,Hombre,15-19,26187
2015,tungurahua,Hombre,20-29,50427
2015,tungurahua,Hombre,30-44,52070
2015,tungurahua,Hombre,45-64,39319
2015,tungurahua,Hombre,65+,19968
2015,tungurahua,Mujer,0-14,74397
2015,tungurahua,Mujer,15-19,25227
2015,tungurahua,Mujer,20-29,49500
2015,tungurahua,Mujer,30-44,58921
2015,tungurahua,Mujer,45-64,48524
2015,tungurahua,Mujer,65+,24220
2015,zamora,Hombre,0-14,18611
2015,zamora,Hombre,15-19,6017
2015,zamora,Hombre,20-29,10302
2015,zamora,Hombre,30-44,8261
2015,zamora,Hombre,45-64,7319
2015,zamora,Hombre,65+,3177
2015,zamora,Mujer,0-14,17883
2015,zamora,Mujer,15-19,5960
2015,zamora,Mujer,20-29,10108
2015,zamora,Mujer,30-44,7602
2015,zamora,Mujer,45-64,6001
2015,zamora,Mujer,65+,2920
2016,azuay,Hombre,0-14,111094
2016,azuay,Hombre,15-19,35784
2016,azuay,Hombre,20-29,71524
2016,azuay,Hombre,30-44,76282
2016,azuay,Hombre,45-64,50706
2016,azuay,Hombre,65+,25502
2016,azuay,Mujer,0-14,107362
2016,azuay,Mujer,15-19,35604
2016,azuay,Mujer,20-29,73924
2016,azuay,Mujer,30-44,82340
2016,azuay,Mujer,45-64,72970
2016,azuay,Mujer,65+,42523
2016,bolivar,Hombre,0-14,32849
2016,bolivar,Hombre,15-19,10922
2016,bolivar,Hombre,20-29,18231
2016,bolivar,Hombre,30-44,16802
2016,bolivar,Hombre,45-64,14804
2016,bolivar,Hombre,65+,9778
2016,bolivar,Mujer,0-14,31401
2016,bolivar,Mujer,15-19,10663
2016,bolivar,Mujer,20-29,18153
2016,bolivar,Mujer,30-44,19058
2016,bolivar,Mujer,45-64,16679
2016,bolivar,Mujer,65+,11162
2016,carchi,Hombre,0-14,24678
2016,carchi,Hombre,15-19,8228
2016,carchi,Hombre,20-29,16455
2016,carchi,Hombre,30-44,17139
2016,carchi,Hombre,45-64,13188
2016,carchi,Hombre,65+,7398
2016,carchi,Mujer,0-14,23524
2016,carchi,Mujer,15-19,7938
2016,carchi,Mujer,20-29,15830
2016,carchi,Mujer,30-44,18366
2016,carchi,Mujer,45-64,15653
2016,carchi,Mujer,65+,9422
2016,cañar,Hombre,0-14,38639
2016,cañar,Hombre,15-19,10787
2016,cañar,Hombre,20-29,19133
2016,cañar,Hombre,30-44,16334
2016,cañar,Hombre,45-64,15445
2016,cañar,Hombre,65+,9346
2016,cañar,Mujer,0-14,37101
2016,cañar,Mujer,15-19,10940
2016,cañar,Mujer,20-29,20832
2016,cañar,Mujer,30-44,24190
2016,cañar,Mujer,45-64,21469
2016,cañar,Mujer,65+,12190
2016,chimborazo,Hombre,0-14,71926
2016,chimborazo,Hombre,15-19,25738
2016,chimborazo,Hombre,20-29,44290
2016,chimborazo,Hombre,30-44,40981
2016,chimborazo,Hombre,45-64,37039
2016,chimborazo,Hombre,65+,20722
2016,chimborazo,Mujer,0-14,68649
2016,chimborazo,Mujer,15-19,25048
2016,chimborazo,Mujer,20-29,43729
2016,chimborazo,Mujer,30-44,46894
2016,chimborazo,Mujer,45-64,45759
2016,chimborazo,Mujer,65+,27045
2016,cotopaxi,Hombre,0-14,69451
2016,cotopaxi,Hombre,15-19,23006
2016,cotopaxi,Hombre,20-29,42334
2016,cotopaxi,Hombre,30-44,43000
2016,cotopaxi,Hombre,45-64,28671
2016,cotopaxi,Hombre,65+,14183
2016,cotopaxi,Mujer,0-14,66315
2016,cotopaxi,Mujer,15-19,22526
2016,cotopaxi,Mujer,20-29,41708
2016,cotopaxi,Mujer,30-44,47176
2016,cotopaxi,Mujer,45-64,35046
2016,cotopaxi,Mujer,65+,16768
2016,el_oro,Hombre,0-14,98270
2016,el_oro,Hombre,15-19,33287
2016,el_oro,Hombre,20-29,64753
2016,el_oro,Hombre,30-44,73967
2016,el_oro,Hombre,45-64,56536
2016,el_oro,Hombre,65+,20651
2016,el_oro,Mujer,0-14,93477
2016,el_oro,Mujer,15-19,31679
2016,el_oro,Mujer,20-29,61447
2016,el_oro,Mujer,30-44,75985
2016,el_oro,Mujer,45-64,61326
2016,el_oro,Mujer,65+,24295
2016,esmeraldas,Hombre,0-14,99332
2016,esmeraldas,Hombre,15-19,29439
2016,esmeraldas,Hombre,20-29,49296
2016,esmeraldas,Hombre,30-44,52692
2016,esmeraldas,Hombre,45-64,40364
2016,esmeraldas,Hombre,65+,16237
2016,esmeraldas,Mujer,0-14,95241
2016,esmeraldas,Mujer,15-19,29278
2016,esmeraldas,Mujer,20-29,49689
2016,esmeraldas,Mujer,30-44,54301
2016,esmeraldas,Mujer,45-64,41919
2016,esmeraldas,Mujer,65+,16028
2016,galapagos,Hombre,0-14,3523
2016,galapagos,Hombre,15-19,1154
2016,galapagos,Hombre,20-29,2249
2016,galapagos,Hombre,30-44,3693
2016,galapagos,Hombre,45-64,2704
2016,galapagos,Hombre,65+,955
2016,galapagos,Mujer,0-14,3539
2016,galapagos,Mujer,15-19,1209
2016,galapagos,Mujer,20-29,2265
2016,galapagos,Mujer,30-44,3372
2016,galapagos,Mujer,45-64,2267
2016,galapagos,Mujer,65+,649
2016,guayas,Hombre,0-14,641306
2016,guayas,Hombre,15-19,200825
2016,guayas,Hombre,20-29,364602
2016,guayas,Hombre,30-44,440071
2016,guayas,Hombre,45-64,378880
2016,guayas,Hombre,65+,126609
2016,guayas,Mujer,0-14,608715
2016,guayas,Mujer,15-19,188635
2016,guayas,Mujer,20-29,345683
2016,guayas,Mujer,30-44,426574
2016,guayas,Mujer,45-64,382586
2016,guayas,Mujer,65+,130808
2016,imbabura,Hombre,0-14,68208
2016,imbabura,Hombre,15-19,22875
2016,imbabura,Hombre,20-29,41955
2016,imbabura,Hombre,30-44,41685
2016,imbabura,Hombre,45-64,32555
2016,imbabura,Hombre,65+,15526
2016,imbabura,Mujer,0-14,65790
2016,imbabura,Mujer,15-19,22340
2016,imbabura,Mujer,20-29,40957
2016,imbabura,Mujer,30-44,46542
2016,imbabura,Mujer,45-64,39029
2016,imbabura,Mujer,65+,20177
2016,loja,Hombre,0-14,72240
2016,loja,Hombre,15-19,24424
2016,loja,Hombre,20-29,45703
2016,loja,Hombre,30-44,44962
2016,loja,Hombre,45-64,37130
2016,loja,Hombre,65+,19915
2016,loja,Mujer,0-14,69517
2016,loja,Mujer,15-19,23747
2016,loja,Mujer,20-29,43938
2016,loja,Mujer,30-44,47695
2016,loja,Mujer,45-64,42955
2016,loja,Mujer,65+,24034
2016,los_rios,Hombre,0-14,136521
2016,los_rios,Hombre,15-19,42550
2016,los_rios,Hombre,20-29,78490
2016,los_rios,Hombre,30-44,88484
2016,los_rios,Hombre,45-64,72741
2016,los_rios,Hombre,65+,27079
2016,los_rios,Mujer,0-14,130174
2016,los_rios,Mujer,15-19,40977
2016,los_rios,Mujer,20-29,76109
2016,los_rios,Mujer,30-44,84777
2016,los_rios,Mujer,45-64,72875
2016,los_rios,Mujer,65+,32616
2016,manabi,Hombre,0-14,232318
2016,manabi,Hombre,15-19,78116
2016,manabi,Hombre,20-29,152508
2016,manabi,Hombre,30-44,155029
2016,manabi,Hombre,45-64,112227
2016,manabi,Hombre,65+,46520
2016,manabi,Mujer,0-14,223436
2016,manabi,Mujer,15-19,75629
2016,manabi,Mujer,20-29,147984
2016,manabi,Mujer,30-44,141740
2016,manabi,Mujer,45-64,115384
2016,manabi,Mujer,65+,71203
2016,morona,Hombre,0-14,36027
2016,morona,Hombre,15-19,10835
2016,morona,Hombre,20-29,17834
2016,morona,Hombre,30-44,13832
2016,morona,Hombre,45-64,8224
2016,morona,Hombre,65+,3504
2016,morona,Mujer,0-14,34236
2016,morona,Mujer,15-19,10310
2016,morona,Mujer,20-29,16812
2016,morona,Mujer,30-44,13824
2016,morona,Mujer,45-64,8639
2016,morona,Mujer,65+,3873
2016,napo,Hombre,0-14,22574
2016,napo,Hombre,15-19,6808
2016,napo,Hombre,20-29,12148
2016,napo,Hombre,30-44,10909
2016,napo,Hombre,45-64,6728
2016,napo,Hombre,65+,2833
2016,napo,Mujer,0-14,21505
2016,napo,Mujer,15-19,6511
2016,napo,Mujer,20-29,11714
2016,napo,Mujer,30-44,11273
2016,napo,Mujer,45-64,6613
2016,napo,Mujer,65+,2480
2016,orellana,Hombre,0-14,30669
2016,orellana,Hombre,15-19,8540
2016,orellana,Hombre,20-29,14534
2016,orellana,Hombre,30-44,17316
2016,orellana,Hombre,45-64,11632
2016,orellana,Hombre,65+,3040
2016,orellana,Mujer,0-14,29443
2016,orellana,Mujer,15-19,8239
2016,orellana,Mujer,20-29,13472
2016,orellana,Mujer,30-44,15102
2016,orellana,Mujer,45-64,9148
2016,orellana,Mujer,65+,2447
2016,pastaza,Hombre,0-14,18705
2016,pastaza,Hombre,15-19,5105
2016,pastaza,Hombre,20-29,9256
2016,pastaza,Hombre,30-44,9299
2016,pastaza,Hombre,45-64,6425
2016,pastaza,Hombre,65+,2193
2016,pastaza,Mujer,0-14,17805
2016,pastaza,Mujer,15-19,4978
2016,pastaza,Mujer,20-29,9821
2016,pastaza,Mujer,30-44,9001
2016,pastaza,Mujer,45-64,5989
2016,pastaza,Mujer,65+,2470
2016,pichincha,Hombre,0-14,387232
2016,pichincha,Hombre,15-19,129956
2016,pichincha,Hombre,20-29,270019
2016,pichincha,Hombre,30-44,345487
2016,pichincha,Hombre,45-64,248563
2016,pichincha,Hombre,65+,87182
2016,pichincha,Mujer,0-14,370999
2016,pichincha,Mujer,15-19,126916
2016,pichincha,Mujer,20-29,273791
2016,pichincha,Mujer,30-44,366388
2016,pichincha,Mujer,45-64,275184
2016,pichincha,Mujer,65+,105642
2016,santa_elena,Hombre,0-14,55942
2016,santa_elena,Hombre,15-19,17351
2016,santa_elena,Hombre,20-29,34916
2016,santa_elena,Hombre,30-44,39475
2016,santa_elena,Hombre,45-64,26783
2016,santa_elena,Hombre,65+,10333
2016,santa_elena,Mujer,0-14,53645
2016,santa_elena,Mujer,15-19,17046
2016,santa_elena,Mujer,20-29,33194
2016,santa_elena,Mujer,30-44,36846
2016,santa_elena,Mujer,45-64,27148
2016,santa_elena,Mujer,65+,11439
2016,santo_domingo,Hombre,0-14,77665
2016,santo_domingo,Hombre,15-19,23030
2016,santo_domingo,Hombre,20-29,42289
2016,santo_domingo,Hombre,30-44,48176
2016,santo_domingo,Hombre,45-64,34753
2016,santo_domingo,Hombre,65+,13458
2016,santo_domingo,Mujer,0-14,74201
2016,santo_domingo,Mujer,15-19,22649
2016,santo_domingo,Mujer,20-29,42131
2016,santo_domingo,Mujer,30-44,49773
2016,santo_domingo,Mujer,45-64,36183
2016,santo_domingo,Mujer,65+,13852
2016,sucumbios,Hombre,0-14,35097
2016,sucumbios,Hombre,15-19,10483
2016,sucumbios,Hombre,20-29,18102
2016,sucumbios,Hombre,30-44,21256
2016,sucumbios,Hombre,45-64,15487
2016,sucumbios,Hombre,65+,4537
2016,sucumbios,Mujer,0-14,33699
2016,sucumbios,Mujer,15-19,10314
2016,sucumbios,Mujer,20-29,17437
2016,sucumbios,Mujer,30-44,18497
2016,sucumbios,Mujer,45-64,11264
2016,sucumbios,Mujer,65+,3523
2016,tungurahua,Hombre,0-14,77708
2016,tungurahua,Hombre,15-19,25913
2016,tungurahua,Hombre,20-29,50708
2016,tungurahua,Hombre,30-44,53394
2016,tungurahua,Hombre,45-64,40268
2016,tungurahua,Hombre,65+,20603
2016,tungurahua,Mujer,0-14,74161
2016,tungurahua,Mujer,15-19,24997
2016,tungurahua,Mujer,20-29,49759
2016,tungurahua,Mujer,30-44,59773
2016,tungurahua,Mujer,45-64,49887
2016,tungurahua,Mujer,65+,25070
2016,zamora,Hombre,0-14,18539
2016,zamora,Hombre,15-19,5971
2016,zamora,Hombre,20-29,10481
2016,zamora,Hombre,30-44,8587
2016,zamora,Hombre,45-64,7429
2016,zamora,Hombre,65+,3352
2016,zamora,Mujer,0-14,17850
2016,zamora,Mujer,15-19,5984
2016,zamora,Mujer,20-29,10535
2016,zamora,Mujer,30-44,8039
2016,zamora,Mujer,45-64,6093
2016,zamora,Mujer,65+,3062
2017,azuay,Hombre,0-14,111276
2017,azuay,Hombre,15-19,35485
2017,azuay,Hombre,20-29,72084
2017,azuay,Hombre,30-44,78676
2017,azuay,Hombre,45-64,52178
2017,azuay,Hombre,65+,26247
2017,azuay,Mujer,0-14,107462
2017,azuay,Mujer,15-19,35249
2017,azuay,Mujer,20-29,74301
2017,azuay,Mujer,30-44,84762
2017,azuay,Mujer,45-64,74643
2017,azuay,Mujer,65+,43849
2017,bolivar,Hombre,0-14,32110
2017,bolivar,Hombre,15-19,10888
2017,bolivar,Hombre,20-29,18295
2017,bolivar,Hombre,30-44,17218
2017,bolivar,Hombre,45-64,14888
2017,bolivar,Hombre,65+,10031
2017,bolivar,Mujer,0-14,30655
2017,bolivar,Mujer,15-19,10600
2017,bolivar,Mujer,20-29,18144
2017,bolivar,Mujer,30-44,19273
2017,bolivar,Mujer,45-64,16873
2017,bolivar,Mujer,65+,11362
2017,carchi,Hombre,0-14,24653
2017,carchi,Hombre,15-19,8217
2017,carchi,Hombre,20-29,16669
2017,carchi,Hombre,30-44,17807
2017,carchi,Hombre,45-64,13543
2017,carchi,Hombre,65+,7698
2017,carchi,Mujer,0-14,23456
2017,carchi,Mujer,15-19,7885
2017,carchi,Mujer,20-29,15976
2017,carchi,Mujer,30-44,18676
2017,carchi,Mujer,45-64,16088
2017,carchi,Mujer,65+,9689
2017,cañar,Hombre,0-14,38541
2017,cañar,Hombre,15-19,10599
2017,cañar,Hombre,20-29,19061
2017,cañar,Hombre,30-44,16744
2017,cañar,Hombre,45-64,15555
2017,cañar,Hombre,65+,9661
2017,cañar,Mujer,0-14,36952
2017,cañar,Mujer,15-19,10713
2017,cañar,Mujer,20-29,20627
2017,cañar,Mujer,30-44,24281
2017,cañar,Mujer,45-64,21974
2017,cañar,Mujer,65+,12473
2017,chimborazo,Hombre,0-14,70874
2017,chimborazo,Hombre,15-19,25295
2017,chimborazo,Hombre,20-29,44756
2017,chimborazo,Hombre,30-44,42037
2017,chimborazo,Hombre,45-64,37497
2017,chimborazo,Hombre,65+,21546
2017,chimborazo,Mujer,0-14,67576
2017,chimborazo,Mujer,15-19,24568
2017,chimborazo,Mujer,20-29,44120
2017,chimborazo,Mujer,30-44,47230
2017,chimborazo,Mujer,45-64,46409
2017,chimborazo,Mujer,65+,27750
2017,cotopaxi,Hombre,0-14,68934
2017,cotopaxi,Hombre,15-19,23136
2017,cotopaxi,Hombre,20-29,43062
2017,cotopaxi,Hombre,30-44,44789
2017,cotopaxi,Hombre,45-64,29474
2017,cotopaxi,Hombre,65+,14696
2017,cotopaxi,Mujer,0-14,65661
2017,cotopaxi,Mujer,15-19,22507
2017,cotopaxi,Mujer,20-29,42283
2017,cotopaxi,Mujer,30-44,48163
2017,cotopaxi,Mujer,45-64,36098
2017,cotopaxi,Mujer,65+,17368
2017,el_oro,Hombre,0-14,98263
2017,el_oro,Hombre,15-19,33273
2017,el_oro,Hombre,20-29,65688
2017,el_oro,Hombre,30-44,76384
2017,el_oro,Hombre,45-64,58567
2017,el_oro,Hombre,65+,21532
2017,el_oro,Mujer,0-14,93381
2017,el_oro,Mujer,15-19,31593
2017,el_oro,Mujer,20-29,62326
2017,el_oro,Mujer,30-44,77562
2017,el_oro,Mujer,45-64,63738
2017,el_oro,Mujer,65+,25272
2017,esmeraldas,Hombre,0-14,98644
2017,esmeraldas,Hombre,15-19,29345
2017,esmeraldas,Hombre,20-29,49615
2017,esmeraldas,Hombre,30-44,54060
2017,esmeraldas,Hombre,45-64,41165
2017,esmeraldas,Hombre,65+,17053
2017,esmeraldas,Mujer,0-14,94671
2017,esmeraldas,Mujer,15-19,29203
2017,esmeraldas,Mujer,20-29,50303
2017,esmeraldas,Mujer,30-44,55423
2017,esmeraldas,Mujer,45-64,42915
2017,esmeraldas,Mujer,65+,16735
2017,galapagos,Hombre,0-14,3505
2017,galapagos,Hombre,15-19,1172
2017,galapagos,Hombre,20-29,2226
2017,galapagos,Hombre,30-44,3746
2017,galapagos,Hombre,45-64,2735
2017,galapagos,Hombre,65+,1001
2017,galapagos,Mujer,0-14,3508
2017,galapagos,Mujer,15-19,1247
2017,galapagos,Mujer,20-29,2259
2017,galapagos,Mujer,30-44,3426
2017,galapagos,Mujer,45-64,2372
2017,galapagos,Mujer,65+,686
2017,guayas,Hombre,0-14,643130
2017,guayas,Hombre,15-19,203432
2017,guayas,Hombre,20-29,372860
2017,guayas,Hombre,30-44,449349
2017,guayas,Hombre,45-64,390524
2017,guayas,Hombre,65+,133134
2017,guayas,Mujer,0-14,610693
2017,guayas,Mujer,15-19,190892
2017,guayas,Mujer,20-29,352792
2017,guayas,Mujer,30-44,436072
2017,guayas,Mujer,45-64,394537
2017,guayas,Mujer,65+,137861
2017,imbabura,Hombre,0-14,67676
2017,imbabura,Hombre,15-19,22867
2017,imbabura,Hombre,20-29,42661
2017,imbabura,Hombre,30-44,43163
2017,imbabura,Hombre,45-64,33399
2017,imbabura,Hombre,65+,16087
2017,imbabura,Mujer,0-14,65240
2017,imbabura,Mujer,15-19,22296
2017,imbabura,Mujer,20-29,41604
2017,imbabura,Mujer,30-44,47391
2017,imbabura,Mujer,45-64,40110
2017,imbabura,Mujer,65+,20790
2017,loja,Hombre,0-14,71515
2017,loja,Hombre,15-19,23892
2017,loja,Hombre,20-29,45779
2017,loja,Hombre,30-44,45883
2017,loja,Hombre,45-64,37471
2017,loja,Hombre,65+,20366
2017,loja,Mujer,0-14,68819
2017,loja,Mujer,15-19,23273
2017,loja,Mujer,20-29,44225
2017,loja,Mujer,30-44,47937
2017,loja,Mujer,45-64,43670
2017,loja,Mujer,65+,24487
2017,los_rios,Hombre,0-14,136834
2017,los_rios,Hombre,15-19,42796
2017,los_rios,Hombre,20-29,79943
2017,los_rios,Hombre,30-44,90613
2017,los_rios,Hombre,45-64,74412
2017,los_rios,Hombre,65+,28399
2017,los_rios,Mujer,0-14,130536
2017,los_rios,Mujer,15-19,41247
2017,los_rios,Mujer,20-29,77832
2017,los_rios,Mujer,30-44,87355
2017,los_rios,Mujer,45-64,74803
2017,los_rios,Mujer,65+,34594
2017,manabi,Hombre,0-14,231673
2017,manabi,Hombre,15-19,78026
2017,manabi,Hombre,20-29,154447
2017,manabi,Hombre,30-44,160810
2017,manabi,Hombre,45-64,114463
2017,manabi,Hombre,65+,48362
2017,manabi,Mujer,0-14,222705
2017,manabi,Mujer,15-19,75376
2017,manabi,Mujer,20-29,150409
2017,manabi,Mujer,30-44,147866
2017,manabi,Mujer,45-64,117511
2017,manabi,Mujer,65+,74542
2017,morona,Hombre,0-14,36178
2017,morona,Hombre,15-19,10951
2017,morona,Hombre,20-29,18411
2017,morona,Hombre,30-44,14607
2017,morona,Hombre,45-64,8463
2017,morona,Hombre,65+,3635
2017,morona,Mujer,0-14,34350
2017,morona,Mujer,15-19,10401
2017,morona,Mujer,20-29,17388
2017,morona,Mujer,30-44,14443
2017,morona,Mujer,45-64,8930
2017,morona,Mujer,65+,4027
2017,napo,Hombre,0-14,22698
2017,napo,Hombre,15-19,6847
2017,napo,Hombre,20-29,12338
2017,napo,Hombre,30-44,11373
2017,napo,Hombre,45-64,6914
2017,napo,Hombre,65+,2975
2017,napo,Mujer,0-14,21618
2017,napo,Mujer,15-19,6535
2017,napo,Mujer,20-29,11946
2017,napo,Mujer,30-44,11707
2017,napo,Mujer,45-64,6909
2017,napo,Mujer,65+,2593
2017,orellana,Hombre,0-14,31018
2017,orellana,Hombre,15-19,8719
2017,orellana,Hombre,20-29,14868
2017,orellana,Hombre,30-44,17739
2017,orellana,Hombre,45-64,12212
2017,orellana,Hombre,65+,3233
2017,orellana,Mujer,0-14,29763
2017,orellana,Mujer,15-19,8429
2017,orellana,Mujer,20-29,13893
2017,orellana,Mujer,30-44,15496
2017,orellana,Mujer,45-64,9658
2017,orellana,Mujer,65+,2588
2017,pastaza,Hombre,0-14,18966
2017,pastaza,Hombre,15-19,5212
2017,pastaza,Hombre,20-29,9470
2017,pastaza,Hombre,30-44,9658
2017,pastaza,Hombre,45-64,6656
2017,pastaza,Hombre,65+,2334
2017,pastaza,Mujer,0-14,18029
2017,pastaza,Mujer,15-19,5077
2017,pastaza,Mujer,20-29,10044
2017,pastaza,Mujer,30-44,9418
2017,pastaza,Mujer,45-64,6180
2017,pastaza,Mujer,65+,2598
2017,pichincha,Hombre,0-14,387088
2017,pichincha,Hombre,15-19,130712
2017,pichincha,Hombre,20-29,273029
2017,pichincha,Hombre,30-44,354684
2017,pichincha,Hombre,45-64,257834
2017,pichincha,Hombre,65+,92165
2017,pichincha,Mujer,0-14,370709
2017,pichincha,Mujer,15-19,127770
2017,pichincha,Mujer,20-29,275385
2017,pichincha,Mujer,30-44,377523
2017,pichincha,Mujer,45-64,284682
2017,pichincha,Mujer,65+,111942
2017,santa_elena,Hombre,0-14,56560
2017,santa_elena,Hombre,15-19,17522
2017,santa_elena,Hombre,20-29,35404
2017,santa_elena,Hombre,30-44,40961
2017,santa_elena,Hombre,45-64,27790
2017,santa_elena,Hombre,65+,10731
2017,santa_elena,Mujer,0-14,54258
2017,santa_elena,Mujer,15-19,17311
2017,santa_elena,Mujer,20-29,34105
2017,santa_elena,Mujer,30-44,37997
2017,santa_elena,Mujer,45-64,28150
2017,santa_elena,Mujer,65+,11815
2017,santo_domingo,Hombre,0-14,78215
2017,santo_domingo,Hombre,15-19,23105
2017,santo_domingo,Hombre,20-29,42858
2017,santo_domingo,Hombre,30-44,49365
2017,santo_domingo,Hombre,45-64,35947
2017,santo_domingo,Hombre,65+,13940
2017,santo_domingo,Mujer,0-14,74571
2017,santo_domingo,Mujer,15-19,22596
2017,santo_domingo,Mujer,20-29,42592
2017,santo_domingo,Mujer,30-44,50748
2017,santo_domingo,Mujer,45-64,37582
2017,santo_domingo,Mujer,65+,14400
2017,sucumbios,Hombre,0-14,35065
2017,sucumbios,Hombre,15-19,10449
2017,sucumbios,Hombre,20-29,18231
2017,sucumbios,Hombre,30-44,21580
2017,sucumbios,Hombre,45-64,16117
2017,sucumbios,Hombre,65+,4785
2017,sucumbios,Mujer,0-14,33680
2017,sucumbios,Mujer,15-19,10314
2017,sucumbios,Mujer,20-29,17736
2017,sucumbios,Mujer,30-44,18954
2017,sucumbios,Mujer,45-64,11794
2017,sucumbios,Mujer,65+,3668
2017,tungurahua,Hombre,0-14,77334
2017,tungurahua,Hombre,15-19,25639
2017,tungurahua,Hombre,20-29,50860
2017,tungurahua,Hombre,30-44,54701
2017,tungurahua,Hombre,45-64,41221
2017,tungurahua,Hombre,65+,21285
2017,tungurahua,Mujer,0-14,73808
2017,tungurahua,Mujer,15-19,24759
2017,tungurahua,Mujer,20-29,49880
2017,tungurahua,Mujer,30-44,60587
2017,tungurahua,Mujer,45-64,51263
2017,tungurahua,Mujer,65+,25949
2017,zamora,Hombre,0-14,18448
2017,zamora,Hombre,15-19,5926
2017,zamora,Hombre,20-29,10632
2017,zamora,Hombre,30-44,8957
2017,zamora,Hombre,45-64,7539
2017,zamora,Hombre,65+,3533
2017,zamora,Mujer,0-14,17790
2017,zamora,Mujer,15-19,5996
2017,zamora,Mujer,20-29,10929
2017,zamora,Mujer,30-44,8523
2017,zamora,Mujer,45-64,6193
2017,zamora,Mujer,65+,3196
2018,azuay,Hombre,0-14,111380
2018,azuay,Hombre,15-19,35364
2018,azuay,Hombre,20-29,72686
2018,azuay,Hombre,30-44,81185
2018,azuay,Hombre,45-64,53766
2018,azuay,Hombre,65+,27128
2018,azuay,Mujer,0-14,107585
2018,azuay,Mujer,15-19,35161
2018,azuay,Mujer,20-29,74891
2018,azuay,Mujer,30-44,87534
2018,azuay,Mujer,45-64,76365
2018,azuay,Mujer,65+,45375
2018,bolivar,Hombre,0-14,31342
2018,bolivar,Hombre,15-19,10849
2018,bolivar,Hombre,20-29,18381
2018,bolivar,Hombre,30-44,17685
2018,bolivar,Hombre,45-64,14989
2018,bolivar,Hombre,65+,10313
2018,bolivar,Mujer,0-14,29847
2018,bolivar,Mujer,15-19,10468
2018,bolivar,Mujer,20-29,17975
2018,bolivar,Mujer,30-44,19424
2018,bolivar,Mujer,45-64,17050
2018,bolivar,Mujer,65+,11499
2018,carchi,Hombre,0-14,24577
2018,carchi,Hombre,15-19,8228
2018,carchi,Hombre,20-29,16860
2018,carchi,Hombre,30-44,18498
2018,carchi,Hombre,45-64,13909
2018,carchi,Hombre,65+,7999
2018,carchi,Mujer,0-14,23313
2018,carchi,Mujer,15-19,7802
2018,carchi,Mujer,20-29,15945
2018,carchi,Mujer,30-44,18905
2018,carchi,Mujer,45-64,16499
2018,carchi,Mujer,65+,9895
2018,cañar,Hombre,0-14,38378
2018,cañar,Hombre,15-19,10497
2018,cañar,Hombre,20-29,19012
2018,cañar,Hombre,30-44,17226
2018,cañar,Hombre,45-64,15662
2018,cañar,Hombre,65+,10017
2018,cañar,Mujer,0-14,36694
2018,cañar,Mujer,15-19,10499
2018,cañar,Mujer,20-29,20255
2018,cañar,Mujer,30-44,24299
2018,cañar,Mujer,45-64,22442
2018,cañar,Mujer,65+,12708
2018,chimborazo,Hombre,0-14,69774
2018,chimborazo,Hombre,15-19,24828
2018,chimborazo,Hombre,20-29,45097
2018,chimborazo,Hombre,30-44,43177
2018,chimborazo,Hombre,45-64,37985
2018,chimborazo,Hombre,65+,22436
2018,chimborazo,Mujer,0-14,66392
2018,chimborazo,Mujer,15-19,23917
2018,chimborazo,Mujer,20-29,43997
2018,chimborazo,Mujer,30-44,47415
2018,chimborazo,Mujer,45-64,46983
2018,chimborazo,Mujer,65+,28339
2018,cotopaxi,Hombre,0-14,68300
2018,cotopaxi,Hombre,15-19,23325
2018,cotopaxi,Hombre,20-29,43907
2018,cotopaxi,Hombre,30-44,46699
2018,cotopaxi,Hombre,45-64,30384
2018,cotopaxi,Hombre,65+,15256
2018,cotopaxi,Mujer,0-14,64834
2018,cotopaxi,Mujer,15-19,22392
2018,cotopaxi,Mujer,20-29,42566
2018,cotopaxi,Mujer,30-44,48973
2018,cotopaxi,Mujer,45-64,37164
2018,cotopaxi,Mujer,65+,17915
2018,el_oro,Hombre,0-14,98197
2018,el_oro,Hombre,15-19,33324
2018,el_oro,Hombre,20-29,66703
2018,el_oro,Hombre,30-44,78891
2018,el_oro,Hombre,45-64,60672
2018,el_oro,Hombre,65+,22449
2018,el_oro,Mujer,0-14,93154
2018,el_oro,Mujer,15-19,31407
2018,el_oro,Mujer,20-29,62780
2018,el_oro,Mujer,30-44,78837
2018,el_oro,Mujer,45-64,66085
2018,el_oro,Mujer,65+,26178
2018,esmeraldas,Hombre,0-14,97832
2018,esmeraldas,Hombre,15-19,29324
2018,esmeraldas,Hombre,20-29,50064
2018,esmeraldas,Hombre,30-44,55525
2018,esmeraldas,Hombre,45-64,42015
2018,esmeraldas,Hombre,65+,17943
2018,esmeraldas,Mujer,0-14,93889
2018,esmeraldas,Mujer,15-19,29002
2018,esmeraldas,Mujer,20-29,50566
2018,esmeraldas,Mujer,30-44,56351
2018,esmeraldas,Mujer,45-64,43854
2018,esmeraldas,Mujer,65+,17409
2018,galapagos,Hombre,0-14,3490
2018,galapagos,Hombre,15-19,1191
2018,galapagos,Hombre,20-29,2214
2018,galapagos,Hombre,30-44,3804
2018,galapagos,Hombre,45-64,2760
2018,galapagos,Hombre,65+,1053
2018,galapagos,Mujer,0-14,3478
2018,galapagos,Mujer,15-19,1270
2018,galapagos,Mujer,20-29,2270
2018,galapagos,Mujer,30-44,3468
2018,galapagos,Mujer,45-64,2481
2018,galapagos,Mujer,65+,726
2018,guayas,Hombre,0-14,644116
2018,guayas,Hombre,15-19,206665
2018,guayas,Hombre,20-29,383167
2018,guayas,Hombre,30-44,460193
2018,guayas,Hombre,45-64,402680
2018,guayas,Hombre,65+,140384
2018,guayas,Mujer,0-14,612544
2018,guayas,Mujer,15-19,194731
2018,guayas,Mujer,20-29,364006
2018,guayas,Mujer,30-44,448258
2018,guayas,Mujer,45-64,407451
2018,guayas,Mujer,65+,146505
2018,imbabura,Hombre,0-14,67073
2018,imbabura,Hombre,15-19,22914
2018,imbabura,Hombre,20-29,43444
2018,imbabura,Hombre,30-44,44886
2018,imbabura,Hombre,45-64,34286
2018,imbabura,Hombre,65+,16714
2018,imbabura,Mujer,0-14,64561
2018,imbabura,Mujer,15-19,22188
2018,imbabura,Mujer,20-29,42021
2018,imbabura,Mujer,30-44,48223
2018,imbabura,Mujer,45-64,41156
2018,imbabura,Mujer,65+,21369
2018,loja,Hombre,0-14,70770
2018,loja,Hombre,15-19,23441
2018,loja,Hombre,20-29,45870
2018,loja,Hombre,30-44,46926
2018,loja,Hombre,45-64,37848
2018,loja,Hombre,65+,20887
2018,loja,Mujer,0-14,68009
2018,loja,Mujer,15-19,22735
2018,loja,Mujer,20-29,44120
2018,loja,Mujer,30-44,48076
2018,loja,Mujer,45-64,44308
2018,loja,Mujer,65+,24873
2018,los_rios,Hombre,0-14,137023
2018,los_rios,Hombre,15-19,43214
2018,los_rios,Hombre,20-29,81650
2018,los_rios,Hombre,30-44,93043
2018,los_rios,Hombre,45-64,76238
2018,los_rios,Hombre,65+,29805
2018,los_rios,Mujer,0-14,130895
2018,los_rios,Mujer,15-19,41805
2018,los_rios,Mujer,20-29,80066
2018,los_rios,Mujer,30-44,90396
2018,los_rios,Mujer,45-64,76893
2018,los_rios,Mujer,65+,36964
2018,manabi,Hombre,0-14,230890
2018,manabi,Hombre,15-19,78235
2018,manabi,Hombre,20-29,156476
2018,manabi,Hombre,30-44,167211
2018,manabi,Hombre,45-64,117110
2018,manabi,Hombre,65+,50304
2018,manabi,Mujer,0-14,222009
2018,manabi,Mujer,15-19,75584
2018,manabi,Mujer,20-29,153292
2018,manabi,Mujer,30-44,155076
2018,manabi,Mujer,45-64,120029
2018,manabi,Mujer,65+,78092
2018,morona,Hombre,0-14,36294
2018,morona,Hombre,15-19,11101
2018,morona,Hombre,20-29,19061
2018,morona,Hombre,30-44,15474
2018,morona,Hombre,45-64,8730
2018,morona,Hombre,65+,3775
2018,morona,Mujer,0-14,34392
2018,morona,Mujer,15-19,10460
2018,morona,Mujer,20-29,17871
2018,morona,Mujer,30-44,15060
2018,morona,Mujer,45-64,9231
2018,morona,Mujer,65+,4175
2018,napo,Hombre,0-14,22791
2018,napo,Hombre,15-19,6914
2018,napo,Hombre,20-29,12561
2018,napo,Hombre,30-44,11893
2018,napo,Hombre,45-64,7124
2018,napo,Hombre,65+,3128
2018,napo,Mujer,0-14,21685
2018,napo,Mujer,15-19,6559
2018,napo,Mujer,20-29,12123
2018,napo,Mujer,30-44,12140
2018,napo,Mujer,45-64,7216
2018,napo,Mujer,65+,2702
2018,orellana,Hombre,0-14,31311
2018,orellana,Hombre,15-19,8930
2018,orellana,Hombre,20-29,15293
2018,orellana,Hombre,30-44,18175
2018,orellana,Hombre,45-64,12812
2018,orellana,Hombre,65+,3453
2018,orellana,Mujer,0-14,29962
2018,orellana,Mujer,15-19,8584
2018,orellana,Mujer,20-29,14263
2018,orellana,Mujer,30-44,15834
2018,orellana,Mujer,45-64,10172
2018,orellana,Mujer,65+,2730
2018,pastaza,Hombre,0-14,19182
2018,pastaza,Hombre,15-19,5337
2018,pastaza,Hombre,20-29,9707
2018,pastaza,Hombre,30-44,10043
2018,pastaza,Hombre,45-64,6906
2018,pastaza,Hombre,65+,2489
2018,pastaza,Mujer,0-14,18175
2018,pastaza,Mujer,15-19,5141
2018,pastaza,Mujer,20-29,10160
2018,pastaza,Mujer,30-44,9792
2018,pastaza,Mujer,45-64,6353
2018,pastaza,Mujer,65+,2713
2018,pichincha,Hombre,0-14,386226
2018,pichincha,Hombre,15-19,131644
2018,pichincha,Hombre,20-29,276816
2018,pichincha,Hombre,30-44,364573
2018,pichincha,Hombre,45-64,267875
2018,pichincha,Hombre,65+,97581
2018,pichincha,Mujer,0-14,370020
2018,pichincha,Mujer,15-19,129030
2018,pichincha,Mujer,20-29,278994
2018,pichincha,Mujer,30-44,390190
2018,pichincha,Mujer,45-64,295256
2018,pichincha,Mujer,65+,119191
2018,santa_elena,Hombre,0-14,57082
2018,santa_elena,Hombre,15-19,17741
2018,santa_elena,Hombre,20-29,35926
2018,santa_elena,Hombre,30-44,42491
2018,santa_elena,Hombre,45-64,28843
2018,santa_elena,Hombre,65+,11164
2018,santa_elena,Mujer,0-14,54632
2018,santa_elena,Mujer,15-19,17437
2018,santa_elena,Mujer,20-29,34657
2018,santa_elena,Mujer,30-44,39018
2018,santa_elena,Mujer,45-64,29114
2018,santa_elena,Mujer,65+,12159
2018,santo_domingo,Hombre,0-14,78578
2018,santo_domingo,Hombre,15-19,23206
2018,santo_domingo,Hombre,20-29,43458
2018,santo_domingo,Hombre,30-44,50633
2018,santo_domingo,Hombre,45-64,37207
2018,santo_domingo,Hombre,65+,14450
2018,santo_domingo,Mujer,0-14,74723
2018,santo_domingo,Mujer,15-19,22459
2018,santo_domingo,Mujer,20-29,42778
2018,santo_domingo,Mujer,30-44,51575
2018,santo_domingo,Mujer,45-64,38974
2018,santo_domingo,Mujer,65+,14923
2018,sucumbios,Hombre,0-14,34979
2018,sucumbios,Hombre,15-19,10421
2018,sucumbios,Hombre,20-29,18461
2018,sucumbios,Hombre,30-44,21933
2018,sucumbios,Hombre,45-64,16779
2018,sucumbios,Hombre,65+,5071
2018,sucumbios,Mujer,0-14,33568
2018,sucumbios,Mujer,15-19,10246
2018,sucumbios,Mujer,20-29,17920
2018,sucumbios,Mujer,30-44,19323
2018,sucumbios,Mujer,45-64,12323
2018,sucumbios,Mujer,65+,3803
2018,tungurahua,Hombre,0-14,76870
2018,tungurahua,Hombre,15-19,25462
2018,tungurahua,Hombre,20-29,51079
2018,tungurahua,Hombre,30-44,56172
2018,tungurahua,Hombre,45-64,42246
2018,tungurahua,Hombre,65+,22091
2018,tungurahua,Mujer,0-14,73306
2018,tungurahua,Mujer,15-19,24505
2018,tungurahua,Mujer,20-29,49735
2018,tungurahua,Mujer,30-44,61348
2018,tungurahua,Mujer,45-64,52614
2018,tungurahua,Mujer,65+,26768
2018,zamora,Hombre,0-14,18352
2018,zamora,Hombre,15-19,5907
2018,zamora,Hombre,20-29,10798
2018,zamora,Hombre,30-44,9397
2018,zamora,Hombre,45-64,7649
2018,zamora,Hombre,65+,3723
2018,zamora,Mujer,0-14,17702
2018,zamora,Mujer,15-19,5998
2018,zamora,Mujer,20-29,11270
2018,zamora,Mujer,30-44,9058
2018,zamora,Mujer,45-64,6301
2018,zamora,Mujer,65+,3334
2019,azuay,Hombre,0-14,111344
2019,azuay,Hombre,15-19,35359
2019,azuay,Hombre,20-29,73071
2019,azuay,Hombre,30-44,83632
2019,azuay,Hombre,45-64,55436
2019,azuay,Hombre,65+,28014
2019,azuay,Mujer,0-14,107625
2019,azuay,Mujer,15-19,35225
2019,azuay,Mujer,20-29,75294
2019,azuay,Mujer,30-44,90411
2019,azuay,Mujer,45-64,78006
2019,azuay,Mujer,65+,46822
2019,bolivar,Hombre,0-14,30554
2019,bolivar,Hombre,15-19,10782
2019,bolivar,Hombre,20-29,18437
2019,bolivar,Hombre,30-44,18180
2019,bolivar,Hombre,45-64,15087
2019,bolivar,Hombre,65+,10597
2019,bolivar,Mujer,0-14,29021
2019,bolivar,Mujer,15-19,10285
2019,bolivar,Mujer,20-29,17725
2019,bolivar,Mujer,30-44,19535
2019,bolivar,Mujer,45-64,17219
2019,bolivar,Mujer,65+,11624
2019,carchi,Hombre,0-14,24403
2019,carchi,Hombre,15-19,8218
2019,carchi,Hombre,20-29,16913
2019,carchi,Hombre,30-44,19119
2019,carchi,Hombre,45-64,14238
2019,carchi,Hombre,65+,8263
2019,carchi,Mujer,0-14,23087
2019,carchi,Mujer,15-19,7686
2019,carchi,Mujer,20-29,15736
2019,carchi,Mujer,30-44,19047
2019,carchi,Mujer,45-64,16850
2019,carchi,Mujer,65+,10056
2019,cañar,Hombre,0-14,38123
2019,cañar,Hombre,15-19,10467
2019,cañar,Hombre,20-29,18956
2019,cañar,Hombre,30-44,17724
2019,cañar,Hombre,45-64,15754
2019,cañar,Hombre,65+,10375
2019,cañar,Mujer,0-14,36345
2019,cañar,Mujer,15-19,10326
2019,cañar,Mujer,20-29,19789
2019,cañar,Mujer,30-44,24288
2019,cañar,Mujer,45-64,22888
2019,cañar,Mujer,65+,12932
2019,chimborazo,Hombre,0-14,68574
2019,chimborazo,Hombre,15-19,24324
2019,chimborazo,Hombre,20-29,45171
2019,chimborazo,Hombre,30-44,44310
2019,chimborazo,Hombre,45-64,38476
2019,chimborazo,Hombre,65+,23337
2019,chimborazo,Mujer,0-14,65128
2019,chimborazo,Mujer,15-19,23177
2019,chimborazo,Mujer,20-29,43483
2019,chimborazo,Mujer,30-44,47547
2019,chimborazo,Mujer,45-64,47513
2019,chimborazo,Mujer,65+,28899
2019,cotopaxi,Hombre,0-14,67547
2019,cotopaxi,Hombre,15-19,23526
2019,cotopaxi,Hombre,20-29,44743
2019,cotopaxi,Hombre,30-44,48639
2019,cotopaxi,Hombre,45-64,31400
2019,cotopaxi,Hombre,65+,15823
2019,cotopaxi,Mujer,0-14,63902
2019,cotopaxi,Mujer,15-19,22231
2019,cotopaxi,Mujer,20-29,42660
2019,cotopaxi,Mujer,30-44,49722
2019,cotopaxi,Mujer,45-64,38277
2019,cotopaxi,Mujer,65+,18454
2019,el_oro,Hombre,0-14,98062
2019,el_oro,Hombre,15-19,33339
2019,el_oro,Hombre,20-29,67522
2019,el_oro,Hombre,30-44,81165
2019,el_oro,Hombre,45-64,62753
2019,el_oro,Hombre,65+,23372
2019,el_oro,Mujer,0-14,92867
2019,el_oro,Mujer,15-19,31137
2019,el_oro,Mujer,20-29,62853
2019,el_oro,Mujer,30-44,79789
2019,el_oro,Mujer,45-64,68332
2019,el_oro,Mujer,65+,27090
2019,esmeraldas,Hombre,0-14,96867
2019,esmeraldas,Hombre,15-19,29306
2019,esmeraldas,Hombre,20-29,50473
2019,esmeraldas,Hombre,30-44,56959
2019,esmeraldas,Hombre,45-64,42904
2019,esmeraldas,Hombre,65+,18852
2019,esmeraldas,Mujer,0-14,92967
2019,esmeraldas,Mujer,15-19,28725
2019,esmeraldas,Mujer,20-29,50593
2019,esmeraldas,Mujer,30-44,57186
2019,esmeraldas,Mujer,45-64,44797
2019,esmeraldas,Mujer,65+,18092
2019,galapagos,Hombre,0-14,3476
2019,galapagos,Hombre,15-19,1196
2019,galapagos,Hombre,20-29,2213
2019,galapagos,Hombre,30-44,3864
2019,galapagos,Hombre,45-64,2787
2019,galapagos,Hombre,65+,1112
2019,galapagos,Mujer,0-14,3451
2019,galapagos,Mujer,15-19,1271
2019,galapagos,Mujer,20-29,2294
2019,galapagos,Mujer,30-44,3514
2019,galapagos,Mujer,45-64,2583
2019,galapagos,Mujer,65+,769
2019,guayas,Hombre,0-14,643961
2019,guayas,Hombre,15-19,209960
2019,guayas,Hombre,20-29,393843
2019,guayas,Hombre,30-44,471560
2019,guayas,Hombre,45-64,414936
2019,guayas,Hombre,65+,147979
2019,guayas,Mujer,0-14,613497
2019,guayas,Mujer,15-19,199156
2019,guayas,Mujer,20-29,376783
2019,guayas,Mujer,30-44,461489
2019,guayas,Mujer,45-64,420549
2019,guayas,Mujer,65+,156043
2019,imbabura,Hombre,0-14,66375
2019,imbabura,Hombre,15-19,22975
2019,imbabura,Hombre,20-29,44167
2019,imbabura,Hombre,30-44,46746
2019,imbabura,Hombre,45-64,35188
2019,imbabura,Hombre,65+,17365
2019,imbabura,Mujer,0-14,63796
2019,imbabura,Mujer,15-19,22044
2019,imbabura,Mujer,20-29,42264
2019,imbabura,Mujer,30-44,49088
2019,imbabura,Mujer,45-64,42203
2019,imbabura,Mujer,65+,21941
2019,loja,Hombre,0-14,69979
2019,loja,Hombre,15-19,23044
2019,loja,Hombre,20-29,45821
2019,loja,Hombre,30-44,48012
2019,loja,Hombre,45-64,38250
2019,loja,Hombre,65+,21407
2019,loja,Mujer,0-14,67130
2019,loja,Mujer,15-19,22198
2019,loja,Mujer,20-29,43735
2019,loja,Mujer,30-44,48219
2019,loja,Mujer,45-64,44909
2019,loja,Mujer,65+,25244
2019,los_rios,Hombre,0-14,137005
2019,los_rios,Hombre,15-19,43655
2019,los_rios,Hombre,20-29,83247
2019,los_rios,Hombre,30-44,95530
2019,los_rios,Hombre,45-64,78080
2019,los_rios,Hombre,65+,31075
2019,los_rios,Mujer,0-14,131116
2019,los_rios,Mujer,15-19,42439
2019,los_rios,Mujer,20-29,82315
2019,los_rios,Mujer,30-44,93620
2019,los_rios,Mujer,45-64,79002
2019,los_rios,Mujer,65+,39232
2019,manabi,Hombre,0-14,229831
2019,manabi,Hombre,15-19,78556
2019,manabi,Hombre,20-29,158085
2019,manabi,Hombre,30-44,173976
2019,manabi,Hombre,45-64,120071
2019,manabi,Hombre,65+,52255
2019,manabi,Mujer,0-14,221104
2019,manabi,Mujer,15-19,75978
2019,manabi,Mujer,20-29,155914
2019,manabi,Mujer,30-44,163023
2019,manabi,Mujer,45-64,122712
2019,manabi,Mujer,65+,81626
2019,morona,Hombre,0-14,36350
2019,morona,Hombre,15-19,11269
2019,morona,Hombre,20-29,19723
2019,morona,Hombre,30-44,16394
2019,morona,Hombre,45-64,9022
2019,morona,Hombre,65+,3914
2019,morona,Mujer,0-14,34373
2019,morona,Mujer,15-19,10510
2019,morona,Mujer,20-29,18285
2019,morona,Mujer,30-44,15690
2019,morona,Mujer,45-64,9553
2019,morona,Mujer,65+,4319
2019,napo,Hombre,0-14,22838
2019,napo,Hombre,15-19,7000
2019,napo,Hombre,20-29,12781
2019,napo,Hombre,30-44,12434
2019,napo,Hombre,45-64,7344
2019,napo,Hombre,65+,3288
2019,napo,Mujer,0-14,21710
2019,napo,Mujer,15-19,6591
2019,napo,Mujer,20-29,12258
2019,napo,Mujer,30-44,12576
2019,napo,Mujer,45-64,7531
2019,napo,Mujer,65+,2814
2019,orellana,Hombre,0-14,31532
2019,orellana,Hombre,15-19,9161
2019,orellana,Hombre,20-29,15779
2019,orellana,Hombre,30-44,18583
2019,orellana,Hombre,45-64,13428
2019,orellana,Hombre,65+,3683
2019,orellana,Mujer,0-14,30079
2019,orellana,Mujer,15-19,8724
2019,orellana,Mujer,20-29,14636
2019,orellana,Mujer,30-44,16141
2019,orellana,Mujer,45-64,10703
2019,orellana,Mujer,65+,2889
2019,pastaza,Hombre,0-14,19340
2019,pastaza,Hombre,15-19,5469
2019,pastaza,Hombre,20-29,9950
2019,pastaza,Hombre,30-44,10451
2019,pastaza,Hombre,45-64,7155
2019,pastaza,Hombre,65+,2651
2019,pastaza,Mujer,0-14,18261
2019,pastaza,Mujer,15-19,5186
2019,pastaza,Mujer,20-29,10221
2019,pastaza,Mujer,30-44,10147
2019,pastaza,Mujer,45-64,6521
2019,pastaza,Mujer,65+,2827
2019,pichincha,Hombre,0-14,384211
2019,pichincha,Hombre,15-19,132460
2019,pichincha,Hombre,20-29,280076
2019,pichincha,Hombre,30-44,374459
2019,pichincha,Hombre,45-64,278490
2019,pichincha,Hombre,65+,103194
2019,pichincha,Mujer,0-14,368342
2019,pichincha,Mujer,15-19,130103
2019,pichincha,Mujer,20-29,282526
2019,pichincha,Mujer,30-44,403055
2019,pichincha,Mujer,45-64,306360
2019,pichincha,Mujer,65+,126788
2019,santa_elena,Hombre,0-14,57456
2019,santa_elena,Hombre,15-19,17965
2019,santa_elena,Hombre,20-29,36367
2019,santa_elena,Hombre,30-44,43981
2019,santa_elena,Hombre,45-64,29914
2019,santa_elena,Hombre,65+,11565
2019,santa_elena,Mujer,0-14,54800
2019,santa_elena,Mujer,15-19,17455
2019,santa_elena,Mujer,20-29,34908
2019,santa_elena,Mujer,30-44,39980
2019,santa_elena,Mujer,45-64,30059
2019,santa_elena,Mujer,65+,12505
2019,santo_domingo,Hombre,0-14,78738
2019,santo_domingo,Hombre,15-19,23333
2019,santo_domingo,Hombre,20-29,43996
2019,santo_domingo,Hombre,30-44,51914
2019,santo_domingo,Hombre,45-64,38524
2019,santo_domingo,Hombre,65+,14962
2019,santo_domingo,Mujer,0-14,74695
2019,santo_domingo,Mujer,15-19,22303
2019,santo_domingo,Mujer,20-29,42782
2019,santo_domingo,Mujer,30-44,52346
2019,santo_domingo,Mujer,45-64,40378
2019,santo_domingo,Mujer,65+,15447
2019,sucumbios,Hombre,0-14,34761
2019,sucumbios,Hombre,15-19,10355
2019,sucumbios,Hombre,20-29,18675
2019,sucumbios,Hombre,30-44,22221
2019,sucumbios,Hombre,45-64,17441
2019,sucumbios,Hombre,65+,5373
2019,sucumbios,Mujer,0-14,33344
2019,sucumbios,Mujer,15-19,10132
2019,sucumbios,Mujer,20-29,18025
2019,sucumbios,Mujer,30-44,19621
2019,sucumbios,Mujer,45-64,12862
2019,sucumbios,Mujer,65+,3946
2019,tungurahua,Hombre,0-14,76320
2019,tungurahua,Hombre,15-19,25344
2019,tungurahua,Hombre,20-29,51207
2019,tungurahua,Hombre,30-44,57745
2019,tungurahua,Hombre,45-64,43329
2019,tungurahua,Hombre,65+,22843
2019,tungurahua,Mujer,0-14,72698
2019,tungurahua,Mujer,15-19,24259
2019,tungurahua,Mujer,20-29,49359
2019,tungurahua,Mujer,30-44,62151
2019,tungurahua,Mujer,45-64,53959
2019,tungurahua,Mujer,65+,27523
2019,zamora,Hombre,0-14,18235
2019,zamora,Hombre,15-19,5901
2019,zamora,Hombre,20-29,10938
2019,zamora,Hombre,30-44,9885
2019,zamora,Hombre,45-64,7767
2019,zamora,Hombre,65+,3911
2019,zamora,Mujer,0-14,17590
2019,zamora,Mujer,15-19,6000
2019,zamora,Mujer,20-29,11543
2019,zamora,Mujer,30-44,9648
2019,zamora,Mujer,45-64,6415
2019,zamora,Mujer,65+,3467
2020,azuay,Hombre,0-14,111012
2020,azuay,Hombre,15-19,35275
2020,azuay,Hombre,20-29,72552
2020,azuay,Hombre,30-44,85611
2020,azuay,Hombre,45-64,56966
2020,azuay,Hombre,65+,28316
2020,azuay,Mujer,0-14,107260
2020,azuay,Mujer,15-19,35083
2020,azuay,Mujer,20-29,74323
2020,azuay,Mujer,30-44,92546
2020,azuay,Mujer,45-64,79218
2020,azuay,Mujer,65+,47428
2020,bolivar,Hombre,0-14,29726
2020,bolivar,Hombre,15-19,10633
2020,bolivar,Hombre,20-29,18295
2020,bolivar,Hombre,30-44,18594
2020,bolivar,Hombre,45-64,15119
2020,bolivar,Hombre,65+,10667
2020,bolivar,Mujer,0-14,28237
2020,bolivar,Mujer,15-19,10116
2020,bolivar,Mujer,20-29,17588
2020,bolivar,Mujer,30-44,19736
2020,bolivar,Mujer,45-64,17424
2020,bolivar,Mujer,65+,11791
2020,carchi,Hombre,0-14,24096
2020,carchi,Hombre,15-19,8126
2020,carchi,Hombre,20-29,16654
2020,carchi,Hombre,30-44,19508
2020,carchi,Hombre,45-64,14437
2020,carchi,Hombre,65+,8352
2020,carchi,Mujer,0-14,22801
2020,carchi,Mujer,15-19,7575
2020,carchi,Mujer,20-29,15480
2020,carchi,Mujer,30-44,19169
2020,carchi,Mujer,45-64,17159
2020,carchi,Mujer,65+,10246
2020,cañar,Hombre,0-14,37720
2020,cañar,Hombre,15-19,10455
2020,cañar,Hombre,20-29,18663
2020,cañar,Hombre,30-44,18187
2020,cañar,Hombre,45-64,15776
2020,cañar,Hombre,65+,10583
2020,cañar,Mujer,0-14,35955
2020,cañar,Mujer,15-19,10263
2020,cañar,Mujer,20-29,19414
2020,cañar,Mujer,30-44,24398
2020,cañar,Mujer,45-64,23366
2020,cañar,Mujer,65+,13240
2020,chimborazo,Hombre,0-14,67199
2020,chimborazo,Hombre,15-19,23654
2020,chimborazo,Hombre,20-29,44540
2020,chimborazo,Hombre,30-44,45187
2020,chimborazo,Hombre,45-64,38809
2020,chimborazo,Hombre,65+,23949
2020,chimborazo,Mujer,0-14,63920
2020,chimborazo,Mujer,15-19,22497
2020,chimborazo,Mujer,20-29,43026
2020,chimborazo,Mujer,30-44,47904
2020,chimborazo,Mujer,45-64,48107
2020,chimborazo,Mujer,65+,29579
2020,cotopaxi,Hombre,0-14,66616
2020,cotopaxi,Hombre,15-19,23615
2020,cotopaxi,Hombre,20-29,45164
2020,cotopaxi,Hombre,30-44,50351
2020,cotopaxi,Hombre,45-64,32383
2020,cotopaxi,Hombre,65+,16072
2020,cotopaxi,Mujer,0-14,62985
2020,cotopaxi,Mujer,15-19,22164
2020,cotopaxi,Mujer,20-29,42936
2020,cotopaxi,Mujer,30-44,50748
2020,cotopaxi,Mujer,45-64,39526
2020,cotopaxi,Mujer,65+,19068
2020,el_oro,Hombre,0-14,97767
2020,el_oro,Hombre,15-19,33143
2020,el_oro,Hombre,20-29,67469
2020,el_oro,Hombre,30-44,82649
2020,el_oro,Hombre,45-64,64427
2020,el_oro,Hombre,65+,23669
2020,el_oro,Mujer,0-14,92602
2020,el_oro,Mujer,15-19,30888
2020,el_oro,Mujer,20-29,62861
2020,el_oro,Mujer,30-44,80728
2020,el_oro,Mujer,45-64,70517
2020,el_oro,Mujer,65+,28055
2020,esmeraldas,Hombre,0-14,95620
2020,esmeraldas,Hombre,15-19,29149
2020,esmeraldas,Hombre,20-29,50342
2020,esmeraldas,Hombre,30-44,58007
2020,esmeraldas,Hombre,45-64,43702
2020,esmeraldas,Hombre,65+,19583
2020,esmeraldas,Mujer,0-14,92060
2020,esmeraldas,Mujer,15-19,28549
2020,esmeraldas,Mujer,20-29,50832
2020,esmeraldas,Mujer,30-44,58285
2020,esmeraldas,Mujer,45-64,45882
2020,esmeraldas,Mujer,65+,18898
2020,galapagos,Hombre,0-14,3478
2020,galapagos,Hombre,15-19,1187
2020,galapagos,Hombre,20-29,2212
2020,galapagos,Hombre,30-44,3927
2020,galapagos,Hombre,45-64,2810
2020,galapagos,Hombre,65+,1150
2020,galapagos,Mujer,0-14,3431
2020,galapagos,Mujer,15-19,1261
2020,galapagos,Mujer,20-29,2319
2020,galapagos,Mujer,30-44,3564
2020,galapagos,Mujer,45-64,2684
2020,galapagos,Mujer,65+,819
2020,guayas,Hombre,0-14,641870
2020,guayas,Hombre,15-19,211998
2020,guayas,Hombre,20-29,400843
2020,guayas,Hombre,30-44,480786
2020,guayas,Hombre,45-64,424282
2020,guayas,Hombre,65+,150058
2020,guayas,Mujer,0-14,611697
2020,guayas,Mujer,15-19,201506
2020,guayas,Mujer,20-29,383707
2020,guayas,Mujer,30-44,471017
2020,guayas,Mujer,45-64,430416
2020,guayas,Mujer,65+,160319
2020,imbabura,Hombre,0-14,65476
2020,imbabura,Hombre,15-19,22930
2020,imbabura,Hombre,20-29,44413
2020,imbabura,Hombre,30-44,48394
2020,imbabura,Hombre,45-64,35990
2020,imbabura,Hombre,65+,17829
2020,imbabura,Mujer,0-14,63007
2020,imbabura,Mujer,15-19,21963
2020,imbabura,Mujer,20-29,42598
2020,imbabura,Mujer,30-44,50122
2020,imbabura,Mujer,45-64,43310
2020,imbabura,Mujer,65+,22599
2020,loja,Hombre,0-14,69062
2020,loja,Hombre,15-19,22638
2020,loja,Hombre,20-29,45161
2020,loja,Hombre,30-44,48921
2020,loja,Hombre,45-64,38557
2020,loja,Hombre,65+,21558
2020,loja,Mujer,0-14,66283
2020,loja,Mujer,15-19,21855
2020,loja,Mujer,20-29,43390
2020,loja,Mujer,30-44,48703
2020,loja,Mujer,45-64,45585
2020,loja,Mujer,65+,25752
2020,los_rios,Hombre,0-14,136595
2020,los_rios,Hombre,15-19,43845
2020,los_rios,Hombre,20-29,83918
2020,los_rios,Hombre,30-44,97602
2020,los_rios,Hombre,45-64,79559
2020,los_rios,Hombre,65+,31195
2020,los_rios,Mujer,0-14,130792
2020,los_rios,Mujer,15-19,42652
2020,los_rios,Mujer,20-29,83050
2020,los_rios,Mujer,30-44,96213
2020,los_rios,Mujer,45-64,80668
2020,los_rios,Mujer,65+,39671
2020,manabi,Hombre,0-14,228217
2020,manabi,Hombre,15-19,78594
2020,manabi,Hombre,20-29,158184
2020,manabi,Hombre,30-44,180000
2020,manabi,Hombre,45-64,122640
2020,manabi,Hombre,65+,52449
2020,manabi,Mujer,0-14,219354
2020,manabi,Mujer,15-19,75752
2020,manabi,Mujer,20-29,155830
2020,manabi,Mujer,30-44,170109
2020,manabi,Mujer,45-64,124887
2020,manabi,Mujer,65+,84318
2020,morona,Hombre,0-14,36294
2020,morona,Hombre,15-19,11403
2020,morona,Hombre,20-29,20186
2020,morona,Hombre,30-44,17291
2020,morona,Hombre,45-64,9288
2020,morona,Hombre,65+,3969
2020,morona,Mujer,0-14,34323
2020,morona,Mujer,15-19,10611
2020,morona,Mujer,20-29,18727
2020,morona,Mujer,30-44,16423
2020,morona,Mujer,45-64,9911
2020,morona,Mujer,65+,4474
2020,napo,Hombre,0-14,22828
2020,napo,Hombre,15-19,7072
2020,napo,Hombre,20-29,12907
2020,napo,Hombre,30-44,12912
2020,napo,Hombre,45-64,7542
2020,napo,Hombre,65+,3353
2020,napo,Mujer,0-14,21697
2020,napo,Mujer,15-19,6650
2020,napo,Mujer,20-29,12404
2020,napo,Mujer,30-44,13039
2020,napo,Mujer,45-64,7872
2020,napo,Mujer,65+,2930
2020,orellana,Hombre,0-14,31656
2020,orellana,Hombre,15-19,9371
2020,orellana,Hombre,20-29,16177
2020,orellana,Hombre,30-44,18903
2020,orellana,Hombre,45-64,13991
2020,orellana,Hombre,65+,3862
2020,orellana,Mujer,0-14,30182
2020,orellana,Mujer,15-19,8907
2020,orellana,Mujer,20-29,15133
2020,orellana,Mujer,30-44,16522
2020,orellana,Mujer,45-64,11277
2020,orellana,Mujer,65+,3086
2020,pastaza,Hombre,0-14,19431
2020,pastaza,Hombre,15-19,5588
2020,pastaza,Hombre,20-29,10137
2020,pastaza,Hombre,30-44,10820
2020,pastaza,Hombre,45-64,7384
2020,pastaza,Hombre,65+,2779
2020,pastaza,Mujer,0-14,18338
2020,pastaza,Mujer,15-19,5270
2020,pastaza,Mujer,20-29,10396
2020,pastaza,Mujer,30-44,10602
2020,pastaza,Mujer,45-64,6724
2020,pastaza,Mujer,65+,2993
2020,pichincha,Hombre,0-14,380410
2020,pichincha,Hombre,15-19,132467
2020,pichincha,Hombre,20-29,279983
2020,pichincha,Hombre,30-44,381888
2020,pichincha,Hombre,45-64,288278
2020,pichincha,Hombre,65+,106785
2020,pichincha,Mujer,0-14,364496
2020,pichincha,Mujer,15-19,129549
2020,pichincha,Mujer,20-29,281004
2020,pichincha,Mujer,30-44,411402
2020,pichincha,Mujer,45-64,316338
2020,pichincha,Mujer,65+,132353
2020,santa_elena,Hombre,0-14,57629
2020,santa_elena,Hombre,15-19,18134
2020,santa_elena,Hombre,20-29,36502
2020,santa_elena,Hombre,30-44,45231
2020,santa_elena,Hombre,45-64,30861
2020,santa_elena,Hombre,65+,11543
2020,santa_elena,Mujer,0-14,54871
2020,santa_elena,Mujer,15-19,17510
2020,santa_elena,Mujer,20-29,35204
2020,santa_elena,Mujer,30-44,41106
2020,santa_elena,Mujer,45-64,31050
2020,santa_elena,Mujer,65+,12869
2020,santo_domingo,Hombre,0-14,78609
2020,santo_domingo,Hombre,15-19,23395
2020,santo_domingo,Hombre,20-29,44153
2020,santo_domingo,Hombre,30-44,52924
2020,santo_domingo,Hombre,45-64,39709
2020,santo_domingo,Hombre,65+,15029
2020,santo_domingo,Mujer,0-14,74555
2020,santo_domingo,Mujer,15-19,22269
2020,santo_domingo,Mujer,20-29,42943
2020,santo_domingo,Mujer,30-44,53235
2020,santo_domingo,Mujer,45-64,41847
2020,santo_domingo,Mujer,65+,15994
2020,sucumbios,Hombre,0-14,34307
2020,sucumbios,Hombre,15-19,10173
2020,sucumbios,Hombre,20-29,18590
2020,sucumbios,Hombre,30-44,22264
2020,sucumbios,Hombre,45-64,17999
2020,sucumbios,Hombre,65+,5562
2020,sucumbios,Mujer,0-14,33028
2020,sucumbios,Mujer,15-19,10050
2020,sucumbios,Mujer,20-29,18214
2020,sucumbios,Mujer,30-44,19971
2020,sucumbios,Mujer,45-64,13437
2020,sucumbios,Mujer,65+,4120
2020,tungurahua,Hombre,0-14,75676
2020,tungurahua,Hombre,15-19,25135
2020,tungurahua,Hombre,20-29,50825
2020,tungurahua,Hombre,30-44,59115
2020,tungurahua,Hombre,45-64,44303
2020,tungurahua,Hombre,65+,22942
2020,tungurahua,Mujer,0-14,72059
2020,tungurahua,Mujer,15-19,24073
2020,tungurahua,Mujer,20-29,49075
2020,tungurahua,Mujer,30-44,63064
2020,tungurahua,Mujer,45-64,55329
2020,tungurahua,Mujer,65+,28276
2020,zamora,Hombre,0-14,18078
2020,zamora,Hombre,15-19,5881
2020,zamora,Hombre,20-29,10962
2020,zamora,Hombre,30-44,10351
2020,zamora,Hombre,45-64,7848
2020,zamora,Hombre,65+,4028
2020,zamora,Mujer,0-14,17450
2020,zamora,Mujer,15-19,6000
2020,zamora,Mujer,20-29,11756
2020,zamora,Mujer,30-44,10269
2020,zamora,Mujer,45-64,6536
2020,zamora,Mujer,65+,3596
2021,azuay,Hombre,0-14,110404
2021,azuay,Hombre,15-19,35177
2021,azuay,Hombre,20-29,71336
2021,azuay,Hombre,30-44,87170
2021,azuay,Hombre,45-64,58369
2021,azuay,Hombre,65+,28089
2021,azuay,Mujer,0-14,106546
2021,azuay,Mujer,15-19,34881
2021,azuay,Mujer,20-29,72405
2021,azuay,Mujer,30-44,94059
2021,azuay,Mujer,45-64,80106
2021,azuay,Mujer,65+,47231
2021,bolivar,Hombre,0-14,28890
2021,bolivar,Hombre,15-19,10423
2021,bolivar,Hombre,20-29,18035
2021,bolivar,Hombre,30-44,18934
2021,bolivar,Hombre,45-64,15089
2021,bolivar,Hombre,65+,10599
2021,bolivar,Mujer,0-14,27497
2021,bolivar,Mujer,15-19,9946
2021,bolivar,Mujer,20-29,17544
2021,bolivar,Mujer,30-44,19999
2021,bolivar,Mujer,45-64,17639
2021,bolivar,Mujer,65+,12013
2021,carchi,Hombre,0-14,23678
2021,carchi,Hombre,15-19,7973
2021,carchi,Hombre,20-29,16159
2021,carchi,Hombre,30-44,19671
2021,carchi,Hombre,45-64,14514
2021,carchi,Hombre,65+,8280
2021,carchi,Mujer,0-14,22448
2021,carchi,Mujer,15-19,7450
2021,carchi,Mujer,20-29,15179
2021,carchi,Mujer,30-44,19257
2021,carchi,Mujer,45-64,17407
2021,carchi,Mujer,65+,10429
2021,cañar,Hombre,0-14,37183
2021,cañar,Hombre,15-19,10482
2021,cañar,Hombre,20-29,18183
2021,cañar,Hombre,30-44,18634
2021,cañar,Hombre,45-64,15730
2021,cañar,Hombre,65+,10659
2021,cañar,Mujer,0-14,35484
2021,cañar,Mujer,15-19,10288
2021,cañar,Mujer,20-29,19101
2021,cañar,Mujer,30-44,24608
2021,cañar,Mujer,45-64,23856
2021,cañar,Mujer,65+,13582
2021,chimborazo,Hombre,0-14,65678
2021,chimborazo,Hombre,15-19,22926
2021,chimborazo,Hombre,20-29,43263
2021,chimborazo,Hombre,30-44,45929
2021,chimborazo,Hombre,45-64,39036
2021,chimborazo,Hombre,65+,24291
2021,chimborazo,Mujer,0-14,62704
2021,chimborazo,Mujer,15-19,21880
2021,chimborazo,Mujer,20-29,42531
2021,chimborazo,Mujer,30-44,48464
2021,chimborazo,Mujer,45-64,48708
2021,chimborazo,Mujer,65+,30371
2021,cotopaxi,Hombre,0-14,65547
2021,cotopaxi,Hombre,15-19,23630
2021,cotopaxi,Hombre,20-29,45268
2021,cotopaxi,Hombre,30-44,51845
2021,cotopaxi,Hombre,45-64,33329
2021,cotopaxi,Hombre,65+,16122
2021,cotopaxi,Mujer,0-14,62042
2021,cotopaxi,Mujer,15-19,22147
2021,cotopaxi,Mujer,20-29,43334
2021,cotopaxi,Mujer,30-44,51994
2021,cotopaxi,Mujer,45-64,40868
2021,cotopaxi,Mujer,65+,19744
2021,el_oro,Hombre,0-14,97313
2021,el_oro,Hombre,15-19,32789
2021,el_oro,Hombre,20-29,66625
2021,el_oro,Hombre,30-44,83313
2021,el_oro,Hombre,45-64,65743
2021,el_oro,Hombre,65+,23714
2021,el_oro,Mujer,0-14,92280
2021,el_oro,Mujer,15-19,30632
2021,el_oro,Mujer,20-29,62753
2021,el_oro,Mujer,30-44,81590
2021,el_oro,Mujer,45-64,72584
2021,el_oro,Mujer,65+,29063
2021,esmeraldas,Hombre,0-14,94155
2021,esmeraldas,Hombre,15-19,28917
2021,esmeraldas,Hombre,20-29,49752
2021,esmeraldas,Hombre,30-44,58770
2021,esmeraldas,Hombre,45-64,44448
2021,esmeraldas,Hombre,65+,20140
2021,esmeraldas,Mujer,0-14,91096
2021,esmeraldas,Mujer,15-19,28425
2021,esmeraldas,Mujer,20-29,51179
2021,esmeraldas,Mujer,30-44,59576
2021,esmeraldas,Mujer,45-64,47097
2021,esmeraldas,Mujer,65+,19769
2021,galapagos,Hombre,0-14,3488
2021,galapagos,Hombre,15-19,1178
2021,galapagos,Hombre,20-29,2209
2021,galapagos,Hombre,30-44,3996
2021,galapagos,Hombre,45-64,2826
2021,galapagos,Hombre,65+,1175
2021,galapagos,Mujer,0-14,3425
2021,galapagos,Mujer,15-19,1242
2021,galapagos,Mujer,20-29,2346
2021,galapagos,Mujer,30-44,3616
2021,galapagos,Mujer,45-64,2778
2021,galapagos,Mujer,65+,869
2021,guayas,Hombre,0-14,638142
2021,guayas,Hombre,15-19,213101
2021,guayas,Hombre,20-29,404526
2021,guayas,Hombre,30-44,488450
2021,guayas,Hombre,45-64,432130
2021,guayas,Hombre,65+,150766
2021,guayas,Mujer,0-14,607675
2021,guayas,Mujer,15-19,202329
2021,guayas,Mujer,20-29,385521
2021,guayas,Mujer,30-44,477655
2021,guayas,Mujer,45-64,438219
2021,guayas,Mujer,65+,162523
2021,imbabura,Hombre,0-14,64413
2021,imbabura,Hombre,15-19,22832
2021,imbabura,Hombre,20-29,44293
2021,imbabura,Hombre,30-44,49804
2021,imbabura,Hombre,45-64,36722
2021,imbabura,Hombre,65+,18104
2021,imbabura,Mujer,0-14,62156
2021,imbabura,Mujer,15-19,21927
2021,imbabura,Mujer,20-29,42991
2021,imbabura,Mujer,30-44,51257
2021,imbabura,Mujer,45-64,44455
2021,imbabura,Mujer,65+,23270
2021,loja,Hombre,0-14,68048
2021,loja,Hombre,15-19,22294
2021,loja,Hombre,20-29,44073
2021,loja,Hombre,30-44,49703
2021,loja,Hombre,45-64,38791
2021,loja,Hombre,65+,21403
2021,loja,Mujer,0-14,65412
2021,loja,Mujer,15-19,21676
2021,loja,Mujer,20-29,43065
2021,loja,Mujer,30-44,49469
2021,loja,Mujer,45-64,46280
2021,loja,Mujer,65+,26312
2021,los_rios,Hombre,0-14,135800
2021,los_rios,Hombre,15-19,43864
2021,los_rios,Hombre,20-29,83823
2021,los_rios,Hombre,30-44,99344
2021,los_rios,Hombre,45-64,80863
2021,los_rios,Hombre,65+,30936
2021,los_rios,Mujer,0-14,129986
2021,los_rios,Mujer,15-19,42622
2021,los_rios,Mujer,20-29,82604
2021,los_rios,Mujer,30-44,98302
2021,los_rios,Mujer,45-64,82018
2021,los_rios,Mujer,65+,38630
2021,manabi,Hombre,0-14,226057
2021,manabi,Hombre,15-19,78483
2021,manabi,Hombre,20-29,157257
2021,manabi,Hombre,30-44,185114
2021,manabi,Hombre,45-64,125025
2021,manabi,Hombre,65+,51948
2021,manabi,Mujer,0-14,216902
2021,manabi,Mujer,15-19,75228
2021,manabi,Mujer,20-29,153997
2021,manabi,Mujer,30-44,176286
2021,manabi,Mujer,45-64,126766
2021,manabi,Mujer,65+,86363
2021,morona,Hombre,0-14,36152
2021,morona,Hombre,15-19,11524
2021,morona,Hombre,20-29,20476
2021,morona,Hombre,30-44,18159
2021,morona,Hombre,45-64,9543
2021,morona,Hombre,65+,3963
2021,morona,Mujer,0-14,34232
2021,morona,Mujer,15-19,10746
2021,morona,Mujer,20-29,19169
2021,morona,Mujer,30-44,17259
2021,morona,Mujer,45-64,10293
2021,morona,Mujer,65+,4641
2021,napo,Hombre,0-14,22755
2021,napo,Hombre,15-19,7143
2021,napo,Hombre,20-29,12951
2021,napo,Hombre,30-44,13326
2021,napo,Hombre,45-64,7725
2021,napo,Hombre,65+,3362
2021,napo,Mujer,0-14,21642
2021,napo,Mujer,15-19,6728
2021,napo,Mujer,20-29,12558
2021,napo,Mujer,30-44,13519
2021,napo,Mujer,45-64,8230
2021,napo,Mujer,65+,3048
2021,orellana,Hombre,0-14,31687
2021,orellana,Hombre,15-19,9567
2021,orellana,Hombre,20-29,16472
2021,orellana,Hombre,30-44,19171
2021,orellana,Hombre,45-64,14518
2021,orellana,Hombre,65+,4001
2021,orellana,Mujer,0-14,30244
2021,orellana,Mujer,15-19,9115
2021,orellana,Mujer,20-29,15702
2021,orellana,Mujer,30-44,16993
2021,orellana,Mujer,45-64,11884
2021,orellana,Mujer,65+,3319
2021,pastaza,Hombre,0-14,19449
2021,pastaza,Hombre,15-19,5703
2021,pastaza,Hombre,20-29,10280
2021,pastaza,Hombre,30-44,11156
2021,pastaza,Hombre,45-64,7596
2021,pastaza,Hombre,65+,2882
2021,pastaza,Mujer,0-14,18388
2021,pastaza,Mujer,15-19,5378
2021,pastaza,Mujer,20-29,10652
2021,pastaza,Mujer,30-44,11140
2021,pastaza,Mujer,45-64,6951
2021,pastaza,Mujer,65+,3196
2021,pichincha,Hombre,0-14,374941
2021,pichincha,Hombre,15-19,132094
2021,pichincha,Hombre,20-29,277217
2021,pichincha,Hombre,30-44,387080
2021,pichincha,Hombre,45-64,297297
2021,pichincha,Hombre,65+,109075
2021,pichincha,Mujer,0-14,358793
2021,pichincha,Mujer,15-19,128169
2021,pichincha,Mujer,20-29,275602
2021,pichincha,Mujer,30-44,415662
2021,pichincha,Mujer,45-64,325447
2021,pichincha,Mujer,65+,136205
2021,santa_elena,Hombre,0-14,57567
2021,santa_elena,Hombre,15-19,18221
2021,santa_elena,Hombre,20-29,36223
2021,santa_elena,Hombre,30-44,46196
2021,santa_elena,Hombre,45-64,31719
2021,santa_elena,Hombre,65+,11352
2021,santa_elena,Mujer,0-14,54785
2021,santa_elena,Mujer,15-19,17559
2021,santa_elena,Mujer,20-29,35438
2021,santa_elena,Mujer,30-44,42346
2021,santa_elena,Mujer,45-64,32057
2021,santa_elena,Mujer,65+,13246
2021,santo_domingo,Hombre,0-14,78200
2021,santo_domingo,Hombre,15-19,23463
2021,santo_domingo,Hombre,20-29,44014
2021,santo_domingo,Hombre,30-44,53676
2021,santo_domingo,Hombre,45-64,40810
2021,santo_domingo,Hombre,65+,14932
2021,santo_domingo,Mujer,0-14,74257
2021,santo_domingo,Mujer,15-19,22353
2021,santo_domingo,Mujer,20-29,43226
2021,santo_domingo,Mujer,30-44,54196
2021,santo_domingo,Mujer,45-64,43350
2021,santo_domingo,Mujer,65+,16564
2021,sucumbios,Hombre,0-14,33649
2021,sucumbios,Hombre,15-19,9918
2021,sucumbios,Hombre,20-29,18197
2021,sucumbios,Hombre,30-44,22098
2021,sucumbios,Hombre,45-64,18468
2021,sucumbios,Hombre,65+,5668
2021,sucumbios,Mujer,0-14,32606
2021,sucumbios,Mujer,15-19,9988
2021,sucumbios,Mujer,20-29,18419
2021,sucumbios,Mujer,30-44,20357
2021,sucumbios,Mujer,45-64,14036
2021,sucumbios,Mujer,65+,4324
2021,tungurahua,Hombre,0-14,74889
2021,tungurahua,Hombre,15-19,24900
2021,tungurahua,Hombre,20-29,50073
2021,tungurahua,Hombre,30-44,60229
2021,tungurahua,Hombre,45-64,45134
2021,tungurahua,Hombre,65+,22630
2021,tungurahua,Mujer,0-14,71321
2021,tungurahua,Mujer,15-19,23944
2021,tungurahua,Mujer,20-29,48886
2021,tungurahua,Mujer,30-44,63984
2021,tungurahua,Mujer,45-64,56657
2021,tungurahua,Mujer,65+,29046
2021,zamora,Hombre,0-14,17881
2021,zamora,Hombre,15-19,5860
2021,zamora,Hombre,20-29,10903
2021,zamora,Hombre,30-44,10778
2021,zamora,Hombre,45-64,7906
2021,zamora,Hombre,65+,4102
2021,zamora,Mujer,0-14,17277
2021,zamora,Mujer,15-19,6002
2021,zamora,Mujer,20-29,11915
2021,zamora,Mujer,30-44,10906
2021,zamora,Mujer,45-64,6672
2021,zamora,Mujer,65+,3710
2022,azuay,Hombre,0-14,109602
2022,azuay,Hombre,15-19,35192
2022,azuay,Hombre,20-29,70029
2022,azuay,Hombre,30-44,88566
2022,azuay,Hombre,45-64,59940
2022,azuay,Hombre,65+,28122
2022,azuay,Mujer,0-14,105715
2022,azuay,Mujer,15-19,34896
2022,azuay,Mujer,20-29,70552
2022,azuay,Mujer,30-44,95477
2022,azuay,Mujer,45-64,81072
2022,azuay,Mujer,65+,47083
2022,bolivar,Hombre,0-14,28105
2022,bolivar,Hombre,15-19,10214
2022,bolivar,Hombre,20-29,17804
2022,bolivar,Hombre,30-44,19266
2022,bolivar,Hombre,45-64,15094
2022,bolivar,Hombre,65+,10667
2022,bolivar,Mujer,0-14,26779
2022,bolivar,Mujer,15-19,9734
2022,bolivar,Mujer,20-29,17487
2022,bolivar,Mujer,30-44,20245
2022,bolivar,Mujer,45-64,17859
2022,bolivar,Mujer,65+,12290
2022,carchi,Hombre,0-14,23210
2022,carchi,Hombre,15-19,7808
2022,carchi,Hombre,20-29,15593
2022,carchi,Hombre,30-44,19733
2022,carchi,Hombre,45-64,14563
2022,carchi,Hombre,65+,8259
2022,carchi,Mujer,0-14,22047
2022,carchi,Mujer,15-19,7295
2022,carchi,Mujer,20-29,14788
2022,carchi,Mujer,30-44,19270
2022,carchi,Mujer,45-64,17597
2022,carchi,Mujer,65+,10613
2022,cañar,Hombre,0-14,36545
2022,cañar,Hombre,15-19,10580
2022,cañar,Hombre,20-29,17714
2022,cañar,Hombre,30-44,19078
2022,cañar,Hombre,45-64,15711
2022,cañar,Hombre,65+,10827
2022,cañar,Mujer,0-14,34910
2022,cañar,Mujer,15-19,10347
2022,cañar,Mujer,20-29,18765
2022,cañar,Mujer,30-44,24806
2022,cañar,Mujer,45-64,24337
2022,cañar,Mujer,65+,13964
2022,chimborazo,Hombre,0-14,64077
2022,chimborazo,Hombre,15-19,22327
2022,chimborazo,Hombre,20-29,41792
2022,chimborazo,Hombre,30-44,46680
2022,chimborazo,Hombre,45-64,39380
2022,chimborazo,Hombre,65+,24775
2022,chimborazo,Mujer,0-14,61356
2022,chimborazo,Mujer,15-19,21304
2022,chimborazo,Mujer,20-29,41746
2022,chimborazo,Mujer,30-44,49031
2022,chimborazo,Mujer,45-64,49337
2022,chimborazo,Mujer,65+,31279
2022,cotopaxi,Hombre,0-14,64403
2022,cotopaxi,Hombre,15-19,23653
2022,cotopaxi,Hombre,20-29,45359
2022,cotopaxi,Hombre,30-44,53282
2022,cotopaxi,Hombre,45-64,34451
2022,cotopaxi,Hombre,65+,16414
2022,cotopaxi,Mujer,0-14,61017
2022,cotopaxi,Mujer,15-19,22078
2022,cotopaxi,Mujer,20-29,43646
2022,cotopaxi,Mujer,30-44,53200
2022,cotopaxi,Mujer,45-64,42271
2022,cotopaxi,Mujer,65+,20496
2022,el_oro,Hombre,0-14,96735
2022,el_oro,Hombre,15-19,32449
2022,el_oro,Hombre,20-29,65557
2022,el_oro,Hombre,30-44,83580
2022,el_oro,Hombre,45-64,67109
2022,el_oro,Hombre,65+,24359
2022,el_oro,Mujer,0-14,91827
2022,el_oro,Mujer,15-19,30326
2022,el_oro,Mujer,20-29,62426
2022,el_oro,Mujer,30-44,82241
2022,el_oro,Mujer,45-64,74593
2022,el_oro,Mujer,65+,30271
2022,esmeraldas,Hombre,0-14,92650
2022,esmeraldas,Hombre,15-19,28751
2022,esmeraldas,Hombre,20-29,49162
2022,esmeraldas,Hombre,30-44,59473
2022,esmeraldas,Hombre,45-64,45358
2022,esmeraldas,Hombre,65+,20758
2022,esmeraldas,Mujer,0-14,90012
2022,esmeraldas,Mujer,15-19,28249
2022,esmeraldas,Mujer,20-29,51357
2022,esmeraldas,Mujer,30-44,60769
2022,esmeraldas,Mujer,45-64,48422
2022,esmeraldas,Mujer,65+,20713
2022,galapagos,Hombre,0-14,3501
2022,galapagos,Hombre,15-19,1167
2022,galapagos,Hombre,20-29,2205
2022,galapagos,Hombre,30-44,4063
2022,galapagos,Hombre,45-64,2852
2022,galapagos,Hombre,65+,1207
2022,galapagos,Mujer,0-14,3417
2022,galapagos,Mujer,15-19,1215
2022,galapagos,Mujer,20-29,2372
2022,galapagos,Mujer,30-44,3663
2022,galapagos,Mujer,45-64,2873
2022,galapagos,Mujer,65+,928
2022,guayas,Hombre,0-14,633385
2022,guayas,Hombre,15-19,214256
2022,guayas,Hombre,20-29,407426
2022,guayas,Hombre,30-44,496293
2022,guayas,Hombre,45-64,441721
2022,guayas,Hombre,65+,156845
2022,guayas,Mujer,0-14,602757
2022,guayas,Mujer,15-19,203385
2022,guayas,Mujer,20-29,386730
2022,guayas,Mujer,30-44,484589
2022,guayas,Mujer,45-64,447134
2022,guayas,Mujer,65+,168911
2022,imbabura,Hombre,0-14,63305
2022,imbabura,Hombre,15-19,22779
2022,imbabura,Hombre,20-29,44151
2022,imbabura,Hombre,30-44,51204
2022,imbabura,Hombre,45-64,37562
2022,imbabura,Hombre,65+,18500
2022,imbabura,Mujer,0-14,61226
2022,imbabura,Mujer,15-19,21876
2022,imbabura,Mujer,20-29,43273
2022,imbabura,Mujer,30-44,52385
2022,imbabura,Mujer,45-64,45638
2022,imbabura,Mujer,65+,24014
2022,loja,Hombre,0-14,67017
2022,loja,Hombre,15-19,22093
2022,loja,Hombre,20-29,43048
2022,loja,Hombre,30-44,50525
2022,loja,Hombre,45-64,39126
2022,loja,Hombre,65+,21476
2022,loja,Mujer,0-14,64471
2022,loja,Mujer,15-19,21536
2022,loja,Mujer,20-29,42679
2022,loja,Mujer,30-44,50279
2022,loja,Mujer,45-64,46981
2022,loja,Mujer,65+,26963
2022,los_rios,Hombre,0-14,134727
2022,los_rios,Hombre,15-19,43943
2022,los_rios,Hombre,20-29,83597
2022,los_rios,Hombre,30-44,101005
2022,los_rios,Hombre,45-64,82453
2022,los_rios,Hombre,65+,31536
2022,los_rios,Mujer,0-14,128986
2022,los_rios,Mujer,15-19,42732
2022,los_rios,Mujer,20-29,82133
2022,los_rios,Mujer,30-44,100348
2022,los_rios,Mujer,45-64,83589
2022,los_rios,Mujer,65+,38011
2022,manabi,Hombre,0-14,223569
2022,manabi,Hombre,15-19,78485
2022,manabi,Hombre,20-29,156191
2022,manabi,Hombre,30-44,189819
2022,manabi,Hombre,45-64,128027
2022,manabi,Hombre,65+,52825
2022,manabi,Mujer,0-14,214305
2022,manabi,Mujer,15-19,74993
2022,manabi,Mujer,20-29,152434
2022,manabi,Mujer,30-44,182304
2022,manabi,Mujer,45-64,129066
2022,manabi,Mujer,65+,88682
2022,morona,Hombre,0-14,35965
2022,morona,Hombre,15-19,11676
2022,morona,Hombre,20-29,20728
2022,morona,Hombre,30-44,19042
2022,morona,Hombre,45-64,9844
2022,morona,Hombre,65+,4024
2022,morona,Mujer,0-14,34090
2022,morona,Mujer,15-19,10885
2022,morona,Mujer,20-29,19558
2022,morona,Mujer,30-44,18126
2022,morona,Mujer,45-64,10696
2022,morona,Mujer,65+,4819
2022,napo,Hombre,0-14,22624
2022,napo,Hombre,15-19,7236
2022,napo,Hombre,20-29,12981
2022,napo,Hombre,30-44,13739
2022,napo,Hombre,45-64,7949
2022,napo,Hombre,65+,3418
2022,napo,Mujer,0-14,21531
2022,napo,Mujer,15-19,6813
2022,napo,Mujer,20-29,12682
2022,napo,Mujer,30-44,14005
2022,napo,Mujer,45-64,8612
2022,napo,Mujer,65+,3178
2022,orellana,Hombre,0-14,31644
2022,orellana,Hombre,15-19,9776
2022,orellana,Hombre,20-29,16740
2022,orellana,Hombre,30-44,19447
2022,orellana,Hombre,45-64,15081
2022,orellana,Hombre,65+,4196
2022,orellana,Mujer,0-14,30223
2022,orellana,Mujer,15-19,9295
2022,orellana,Mujer,20-29,16217
2022,orellana,Mujer,30-44,17472
2022,orellana,Mujer,45-64,12504
2022,orellana,Mujer,65+,3571
2022,pastaza,Hombre,0-14,19413
2022,pastaza,Hombre,15-19,5823
2022,pastaza,Hombre,20-29,10413
2022,pastaza,Hombre,30-44,11487
2022,pastaza,Hombre,45-64,7830
2022,pastaza,Hombre,65+,3016
2022,pastaza,Mujer,0-14,18380
2022,pastaza,Mujer,15-19,5471
2022,pastaza,Mujer,20-29,10863
2022,pastaza,Mujer,30-44,11675
2022,pastaza,Mujer,45-64,7183
2022,pastaza,Mujer,65+,3415
2022,pichincha,Hombre,0-14,368299
2022,pichincha,Hombre,15-19,132036
2022,pichincha,Hombre,20-29,273905
2022,pichincha,Hombre,30-44,391776
2022,pichincha,Hombre,45-64,307397
2022,pichincha,Hombre,65+,113227
2022,pichincha,Mujer,0-14,352213
2022,pichincha,Mujer,15-19,127386
2022,pichincha,Mujer,20-29,269851
2022,pichincha,Mujer,30-44,418953
2022,pichincha,Mujer,45-64,335333
2022,pichincha,Mujer,65+,141171
2022,santa_elena,Hombre,0-14,57130
2022,santa_elena,Hombre,15-19,18119
2022,santa_elena,Hombre,20-29,35406
2022,santa_elena,Hombre,30-44,46896
2022,santa_elena,Hombre,45-64,32628
2022,santa_elena,Hombre,65+,11470
2022,santa_elena,Mujer,0-14,54462
2022,santa_elena,Mujer,15-19,17478
2022,santa_elena,Mujer,20-29,35321
2022,santa_elena,Mujer,30-44,43489
2022,santa_elena,Mujer,45-64,33072
2022,santa_elena,Mujer,65+,13714
2022,santo_domingo,Hombre,0-14,77563
2022,santo_domingo,Hombre,15-19,23667
2022,santo_domingo,Hombre,20-29,43847
2022,santo_domingo,Hombre,30-44,54395
2022,santo_domingo,Hombre,45-64,42050
2022,santo_domingo,Hombre,65+,15231
2022,santo_domingo,Mujer,0-14,73722
2022,santo_domingo,Mujer,15-19,22507
2022,santo_domingo,Mujer,20-29,43411
2022,santo_domingo,Mujer,30-44,55143
2022,santo_domingo,Mujer,45-64,44911
2022,santo_domingo,Mujer,65+,17245
2022,sucumbios,Hombre,0-14,32860
2022,sucumbios,Hombre,15-19,9656
2022,sucumbios,Hombre,20-29,17640
2022,sucumbios,Hombre,30-44,21847
2022,sucumbios,Hombre,45-64,18946
2022,sucumbios,Hombre,65+,5879
2022,sucumbios,Mujer,0-14,32071
2022,sucumbios,Mujer,15-19,9913
2022,sucumbios,Mujer,20-29,18492
2022,sucumbios,Mujer,30-44,20714
2022,sucumbios,Mujer,45-64,14653
2022,sucumbios,Mujer,65+,4550
2022,tungurahua,Hombre,0-14,73930
2022,tungurahua,Hombre,15-19,24769
2022,tungurahua,Hombre,20-29,49320
2022,tungurahua,Hombre,30-44,61269
2022,tungurahua,Hombre,45-64,46089
2022,tungurahua,Hombre,65+,22646
2022,tungurahua,Mujer,0-14,70416
2022,tungurahua,Mujer,15-19,23851
2022,tungurahua,Mujer,20-29,48627
2022,tungurahua,Mujer,30-44,64846
2022,tungurahua,Mujer,45-64,58036
2022,tungurahua,Mujer,65+,29987
2022,zamora,Hombre,0-14,17661
2022,zamora,Hombre,15-19,5859
2022,zamora,Hombre,20-29,10839
2022,zamora,Hombre,30-44,11204
2022,zamora,Hombre,45-64,7990
2022,zamora,Hombre,65+,4219
2022,zamora,Mujer,0-14,17076
2022,zamora,Mujer,15-19,6007
2022,zamora,Mujer,20-29,12028
2022,zamora,Mujer,30-44,11559
2022,zamora,Mujer,45-64,6822
2022,zamora,Mujer,65+,3837
2023,azuay,Hombre,0-14,108631
2023,azuay,Hombre,15-19,35309
2023,azuay,Hombre,20-29,68801
2023,azuay,Hombre,30-44,89860
2023,azuay,Hombre,45-64,61741
2023,azuay,Hombre,65+,28484
2023,azuay,Mujer,0-14,104797
2023,azuay,Mujer,15-19,35114
2023,azuay,Mujer,20-29,69005
2023,azuay,Mujer,30-44,96824
2023,azuay,Mujer,45-64,82244
2023,azuay,Mujer,65+,47362
2023,bolivar,Hombre,0-14,27382
2023,bolivar,Hombre,15-19,10025
2023,bolivar,Hombre,20-29,17646
2023,bolivar,Hombre,30-44,19623
2023,bolivar,Hombre,45-64,15160
2023,bolivar,Hombre,65+,10819
2023,bolivar,Mujer,0-14,26105
2023,bolivar,Mujer,15-19,9499
2023,bolivar,Mujer,20-29,17401
2023,bolivar,Mujer,30-44,20477
2023,bolivar,Mujer,45-64,18101
2023,bolivar,Mujer,65+,12581
2023,carchi,Hombre,0-14,22736
2023,carchi,Hombre,15-19,7659
2023,carchi,Hombre,20-29,15057
2023,carchi,Hombre,30-44,19772
2023,carchi,Hombre,45-64,14651
2023,carchi,Hombre,65+,8299
2023,carchi,Mujer,0-14,21631
2023,carchi,Mujer,15-19,7134
2023,carchi,Mujer,20-29,14360
2023,carchi,Mujer,30-44,19253
2023,carchi,Mujer,45-64,17769
2023,carchi,Mujer,65+,10821
2023,cañar,Hombre,0-14,35825
2023,cañar,Hombre,15-19,10737
2023,cañar,Hombre,20-29,17321
2023,cañar,Hombre,30-44,19527
2023,cañar,Hombre,45-64,15733
2023,cañar,Hombre,65+,11090
2023,cañar,Mujer,0-14,34248
2023,cañar,Mujer,15-19,10432
2023,cañar,Mujer,20-29,18424
2023,cañar,Mujer,30-44,24974
2023,cañar,Mujer,45-64,24819
2023,cañar,Mujer,65+,14397
2023,chimborazo,Hombre,0-14,62444
2023,chimborazo,Hombre,15-19,21911
2023,chimborazo,Hombre,20-29,40390
2023,chimborazo,Hombre,30-44,47413
2023,chimborazo,Hombre,45-64,39855
2023,chimborazo,Hombre,65+,25423
2023,chimborazo,Mujer,0-14,59937
2023,chimborazo,Mujer,15-19,20817
2023,chimborazo,Mujer,20-29,40749
2023,chimborazo,Mujer,30-44,49581
2023,chimborazo,Mujer,45-64,50027
2023,chimborazo,Mujer,65+,32227
2023,cotopaxi,Hombre,0-14,63191
2023,cotopaxi,Hombre,15-19,23682
2023,cotopaxi,Hombre,20-29,45496
2023,cotopaxi,Hombre,30-44,54700
2023,cotopaxi,Hombre,45-64,35757
2023,cotopaxi,Hombre,65+,16874
2023,cotopaxi,Mujer,0-14,59931
2023,cotopaxi,Mujer,15-19,21965
2023,cotopaxi,Mujer,20-29,43840
2023,cotopaxi,Mujer,30-44,54346
2023,cotopaxi,Mujer,45-64,43741
2023,cotopaxi,Mujer,65+,21269
2023,el_oro,Hombre,0-14,96035
2023,el_oro,Hombre,15-19,32216
2023,el_oro,Hombre,20-29,64583
2023,el_oro,Hombre,30-44,83799
2023,el_oro,Hombre,45-64,68559
2023,el_oro,Hombre,65+,25312
2023,el_oro,Mujer,0-14,91251
2023,el_oro,Mujer,15-19,30040
2023,el_oro,Mujer,20-29,61972
2023,el_oro,Mujer,30-44,82814
2023,el_oro,Mujer,45-64,76583
2023,el_oro,Mujer,65+,31647
2023,esmeraldas,Hombre,0-14,91174
2023,esmeraldas,Hombre,15-19,28708
2023,esmeraldas,Hombre,20-29,48745
2023,esmeraldas,Hombre,30-44,60119
2023,esmeraldas,Hombre,45-64,46449
2023,esmeraldas,Hombre,65+,21483
2023,esmeraldas,Mujer,0-14,88871
2023,esmeraldas,Mujer,15-19,28062
2023,esmeraldas,Mujer,20-29,51381
2023,esmeraldas,Mujer,30-44,61842
2023,esmeraldas,Mujer,45-64,49874
2023,esmeraldas,Mujer,65+,21722
2023,galapagos,Hombre,0-14,3501
2023,galapagos,Hombre,15-19,1162
2023,galapagos,Hombre,20-29,2206
2023,galapagos,Hombre,30-44,4124
2023,galapagos,Hombre,45-64,2909
2023,galapagos,Hombre,65+,1254
2023,galapagos,Mujer,0-14,3404
2023,galapagos,Mujer,15-19,1189
2023,galapagos,Mujer,20-29,2394
2023,galapagos,Mujer,30-44,3702
2023,galapagos,Mujer,45-64,2966
2023,galapagos,Mujer,65+,997
2023,guayas,Hombre,0-14,627690
2023,guayas,Hombre,15-19,215684
2023,guayas,Hombre,20-29,410457
2023,guayas,Hombre,30-44,504630
2023,guayas,Hombre,45-64,451839
2023,guayas,Hombre,65+,164765
2023,guayas,Mujer,0-14,596992
2023,guayas,Mujer,15-19,204857
2023,guayas,Mujer,20-29,388474
2023,guayas,Mujer,30-44,492165
2023,guayas,Mujer,45-64,456387
2023,guayas,Mujer,65+,176673
2023,imbabura,Hombre,0-14,62174
2023,imbabura,Hombre,15-19,22779
2023,imbabura,Hombre,20-29,44060
2023,imbabura,Hombre,30-44,52618
2023,imbabura,Hombre,45-64,38536
2023,imbabura,Hombre,65+,19061
2023,imbabura,Mujer,0-14,60248
2023,imbabura,Mujer,15-19,21815
2023,imbabura,Mujer,20-29,43440
2023,imbabura,Mujer,30-44,53487
2023,imbabura,Mujer,45-64,46884
2023,imbabura,Mujer,65+,24859
2023,loja,Hombre,0-14,65965
2023,loja,Hombre,15-19,22028
2023,loja,Hombre,20-29,42178
2023,loja,Hombre,30-44,51410
2023,loja,Hombre,45-64,39590
2023,loja,Hombre,65+,21823
2023,loja,Mujer,0-14,63478
2023,loja,Mujer,15-19,21431
2023,loja,Mujer,20-29,42229
2023,loja,Mujer,30-44,51113
2023,loja,Mujer,45-64,47699
2023,loja,Mujer,65+,27741
2023,los_rios,Hombre,0-14,133510
2023,los_rios,Hombre,15-19,44170
2023,los_rios,Hombre,20-29,83489
2023,los_rios,Hombre,30-44,102720
2023,los_rios,Hombre,45-64,84306
2023,los_rios,Hombre,65+,32671
2023,los_rios,Mujer,0-14,127866
2023,los_rios,Mujer,15-19,43027
2023,los_rios,Mujer,20-29,81871
2023,los_rios,Mujer,30-44,102408
2023,los_rios,Mujer,45-64,85427
2023,los_rios,Mujer,65+,38340
2023,manabi,Hombre,0-14,220891
2023,manabi,Hombre,15-19,78624
2023,manabi,Hombre,20-29,155239
2023,manabi,Hombre,30-44,194289
2023,manabi,Hombre,45-64,131519
2023,manabi,Hombre,65+,54271
2023,manabi,Mujer,0-14,211743
2023,manabi,Mujer,15-19,75027
2023,manabi,Mujer,20-29,151265
2023,manabi,Mujer,30-44,188232
2023,manabi,Mujer,45-64,131868
2023,manabi,Mujer,65+,91349
2023,morona,Hombre,0-14,35749
2023,morona,Hombre,15-19,11850
2023,morona,Hombre,20-29,20979
2023,morona,Hombre,30-44,19961
2023,morona,Hombre,45-64,10196
2023,morona,Hombre,65+,4140
2023,morona,Mujer,0-14,33918
2023,morona,Mujer,15-19,11015
2023,morona,Mujer,20-29,19893
2023,morona,Mujer,30-44,19017
2023,morona,Mujer,45-64,11120
2023,morona,Mujer,65+,5013
2023,napo,Hombre,0-14,22454
2023,napo,Hombre,15-19,7348
2023,napo,Hombre,20-29,13033
2023,napo,Hombre,30-44,14172
2023,napo,Hombre,45-64,8212
2023,napo,Hombre,65+,3512
2023,napo,Mujer,0-14,21381
2023,napo,Mujer,15-19,6898
2023,napo,Mujer,20-29,12782
2023,napo,Mujer,30-44,14491
2023,napo,Mujer,45-64,9016
2023,napo,Mujer,65+,3323
2023,orellana,Hombre,0-14,31540
2023,orellana,Hombre,15-19,9995
2023,orellana,Hombre,20-29,17017
2023,orellana,Hombre,30-44,19749
2023,orellana,Hombre,45-64,15674
2023,orellana,Hombre,65+,4444
2023,orellana,Mujer,0-14,30134
2023,orellana,Mujer,15-19,9440
2023,orellana,Mujer,20-29,16649
2023,orellana,Mujer,30-44,17947
2023,orellana,Mujer,45-64,13134
2023,orellana,Mujer,65+,3845
2023,pastaza,Hombre,0-14,19326
2023,pastaza,Hombre,15-19,5958
2023,pastaza,Hombre,20-29,10545
2023,pastaza,Hombre,30-44,11825
2023,pastaza,Hombre,45-64,8086
2023,pastaza,Hombre,65+,3177
2023,pastaza,Mujer,0-14,18317
2023,pastaza,Mujer,15-19,5552
2023,pastaza,Mujer,20-29,11012
2023,pastaza,Mujer,30-44,12198
2023,pastaza,Mujer,45-64,7428
2023,pastaza,Mujer,65+,3638
2023,pichincha,Hombre,0-14,360824
2023,pichincha,Hombre,15-19,132282
2023,pichincha,Hombre,20-29,270743
2023,pichincha,Hombre,30-44,396126
2023,pichincha,Hombre,45-64,318609
2023,pichincha,Hombre,65+,118891
2023,pichincha,Mujer,0-14,345097
2023,pichincha,Mujer,15-19,127360
2023,pichincha,Mujer,20-29,264941
2023,pichincha,Mujer,30-44,421689
2023,pichincha,Mujer,45-64,346339
2023,pichincha,Mujer,65+,147636
2023,santa_elena,Hombre,0-14,56469
2023,santa_elena,Hombre,15-19,17957
2023,santa_elena,Hombre,20-29,34395
2023,santa_elena,Hombre,30-44,47461
2023,santa_elena,Hombre,45-64,33606
2023,santa_elena,Hombre,65+,11760
2023,santa_elena,Mujer,0-14,53995
2023,santa_elena,Mujer,15-19,17337
2023,santa_elena,Mujer,20-29,34944
2023,santa_elena,Mujer,30-44,44532
2023,santa_elena,Mujer,45-64,34106
2023,santa_elena,Mujer,65+,14267
2023,santo_domingo,Hombre,0-14,76720
2023,santo_domingo,Hombre,15-19,24038
2023,santo_domingo,Hombre,20-29,43744
2023,santo_domingo,Hombre,30-44,55129
2023,santo_domingo,Hombre,45-64,43386
2023,santo_domingo,Hombre,65+,15735
2023,santo_domingo,Mujer,0-14,72972
2023,santo_domingo,Mujer,15-19,22765
2023,santo_domingo,Mujer,20-29,43493
2023,santo_domingo,Mujer,30-44,56047
2023,santo_domingo,Mujer,45-64,46516
2023,santo_domingo,Mujer,65+,18031
2023,sucumbios,Hombre,0-14,31986
2023,sucumbios,Hombre,15-19,9411
2023,sucumbios,Hombre,20-29,16990
2023,sucumbios,Hombre,30-44,21543
2023,sucumbios,Hombre,45-64,19430
2023,sucumbios,Hombre,65+,6169
2023,sucumbios,Mujer,0-14,31447
2023,sucumbios,Mujer,15-19,9829
2023,sucumbios,Mujer,20-29,18433
2023,sucumbios,Mujer,30-44,21027
2023,sucumbios,Mujer,45-64,15287
2023,sucumbios,Mujer,65+,4808
2023,tungurahua,Hombre,0-14,72809
2023,tungurahua,Hombre,15-19,24741
2023,tungurahua,Hombre,20-29,48689
2023,tungurahua,Hombre,30-44,62304
2023,tungurahua,Hombre,45-64,47215
2023,tungurahua,Hombre,65+,22952
2023,tungurahua,Mujer,0-14,69353
2023,tungurahua,Mujer,15-19,23789
2023,tungurahua,Mujer,20-29,48324
2023,tungurahua,Mujer,30-44,65662
2023,tungurahua,Mujer,45-64,59512
2023,tungurahua,Mujer,65+,31057
2023,zamora,Hombre,0-14,17421
2023,zamora,Hombre,15-19,5883
2023,zamora,Hombre,20-29,10786
2023,zamora,Hombre,30-44,11636
2023,zamora,Hombre,45-64,8098
2023,zamora,Hombre,65+,4375
2023,zamora,Mujer,0-14,16849
2023,zamora,Mujer,15-19,6016
2023,zamora,Mujer,20-29,12107
2023,zamora,Mujer,30-44,12217
2023,zamora,Mujer,45-64,7003
2023,zamora,Mujer,65+,3972
2024,azuay,Hombre,0-14,107522
2024,azuay,Hombre,15-19,35500
2024,azuay,Hombre,20-29,67751
2024,azuay,Hombre,30-44,91025
2024,azuay,Hombre,45-64,63671
2024,azuay,Hombre,65+,28953
2024,azuay,Mujer,0-14,103756
2024,azuay,Mujer,15-19,35483
2024,azuay,Mujer,20-29,67908
2024,azuay,Mujer,30-44,98113
2024,azuay,Mujer,45-64,83593
2024,azuay,Mujer,65+,47945
2024,bolivar,Hombre,0-14,26733
2024,bolivar,Hombre,15-19,9866
2024,bolivar,Hombre,20-29,17576
2024,bolivar,Hombre,30-44,20007
2024,bolivar,Hombre,45-64,15266
2024,bolivar,Hombre,65+,10991
2024,bolivar,Mujer,0-14,25483
2024,bolivar,Mujer,15-19,9264
2024,bolivar,Mujer,20-29,17297
2024,bolivar,Mujer,30-44,20710
2024,bolivar,Mujer,45-64,18353
2024,bolivar,Mujer,65+,12864
2024,carchi,Hombre,0-14,22283
2024,carchi,Hombre,15-19,7551
2024,carchi,Hombre,20-29,14613
2024,carchi,Hombre,30-44,19831
2024,carchi,Hombre,45-64,14786
2024,carchi,Hombre,65+,8370
2024,carchi,Mujer,0-14,21230
2024,carchi,Mujer,15-19,6996
2024,carchi,Mujer,20-29,13950
2024,carchi,Mujer,30-44,19234
2024,carchi,Mujer,45-64,17951
2024,carchi,Mujer,65+,11018
2024,cañar,Hombre,0-14,35039
2024,cañar,Hombre,15-19,10937
2024,cañar,Hombre,20-29,17032
2024,cañar,Hombre,30-44,19955
2024,cañar,Hombre,45-64,15777
2024,cañar,Hombre,65+,11385
2024,cañar,Mujer,0-14,33520
2024,cañar,Mujer,15-19,10539
2024,cañar,Mujer,20-29,18102
2024,cañar,Mujer,30-44,25093
2024,cañar,Mujer,45-64,25283
2024,cañar,Mujer,65+,14808
2024,chimborazo,Hombre,0-14,60868
2024,chimborazo,Hombre,15-19,21612
2024,chimborazo,Hombre,20-29,39161
2024,chimborazo,Hombre,30-44,48119
2024,chimborazo,Hombre,45-64,40416
2024,chimborazo,Hombre,65+,26117
2024,chimborazo,Mujer,0-14,58566
2024,chimborazo,Mujer,15-19,20383
2024,chimborazo,Mujer,20-29,39680
2024,chimborazo,Mujer,30-44,50078
2024,chimborazo,Mujer,45-64,50724
2024,chimborazo,Mujer,65+,33133
2024,cotopaxi,Hombre,0-14,61938
2024,cotopaxi,Hombre,15-19,23703
2024,cotopaxi,Hombre,20-29,45693
2024,cotopaxi,Hombre,30-44,56084
2024,cotopaxi,Hombre,45-64,37149
2024,cotopaxi,Hombre,65+,17370
2024,cotopaxi,Mujer,0-14,58799
2024,cotopaxi,Mujer,15-19,21828
2024,cotopaxi,Mujer,20-29,43903
2024,cotopaxi,Mujer,30-44,55441
2024,cotopaxi,Mujer,45-64,45215
2024,cotopaxi,Mujer,65+,22024
2024,el_oro,Hombre,0-14,95204
2024,el_oro,Hombre,15-19,32149
2024,el_oro,Hombre,20-29,63846
2024,el_oro,Hombre,30-44,84182
2024,el_oro,Hombre,45-64,70052
2024,el_oro,Hombre,65+,26356
2024,el_oro,Mujer,0-14,90530
2024,el_oro,Mujer,15-19,29856
2024,el_oro,Mujer,20-29,61455
2024,el_oro,Mujer,30-44,83423
2024,el_oro,Mujer,45-64,78504
2024,el_oro,Mujer,65+,33070
2024,esmeraldas,Hombre,0-14,89731
2024,esmeraldas,Hombre,15-19,28810
2024,esmeraldas,Hombre,20-29,48530
2024,esmeraldas,Hombre,30-44,60737
2024,esmeraldas,Hombre,45-64,47653
2024,esmeraldas,Hombre,65+,22269
2024,esmeraldas,Mujer,0-14,87718
2024,esmeraldas,Mujer,15-19,27926
2024,esmeraldas,Mujer,20-29,51311
2024,esmeraldas,Mujer,30-44,62813
2024,esmeraldas,Mujer,45-64,51395
2024,esmeraldas,Mujer,65+,22733
2024,galapagos,Hombre,0-14,3466
2024,galapagos,Hombre,15-19,1172
2024,galapagos,Hombre,20-29,2195
2024,galapagos,Hombre,30-44,4163
2024,galapagos,Hombre,45-64,2977
2024,galapagos,Hombre,65+,1306
2024,galapagos,Mujer,0-14,3367
2024,galapagos,Mujer,15-19,1173
2024,galapagos,Mujer,20-29,2409
2024,galapagos,Mujer,30-44,3733
2024,galapagos,Mujer,45-64,3053
2024,galapagos,Mujer,65+,1068
2024,guayas,Hombre,0-14,621092
2024,guayas,Hombre,15-19,217394
2024,guayas,Hombre,20-29,413871
2024,guayas,Hombre,30-44,513436
2024,guayas,Hombre,45-64,461909
2024,guayas,Hombre,65+,173259
2024,guayas,Mujer,0-14,590357
2024,guayas,Mujer,15-19,206666
2024,guayas,Mujer,20-29,391151
2024,guayas,Mujer,30-44,500329
2024,guayas,Mujer,45-64,465462
2024,guayas,Mujer,65+,184845
2024,imbabura,Hombre,0-14,61022
2024,imbabura,Hombre,15-19,22818
2024,imbabura,Hombre,20-29,44026
2024,imbabura,Hombre,30-44,54015
2024,imbabura,Hombre,45-64,39592
2024,imbabura,Hombre,65+,19683
2024,imbabura,Mujer,0-14,59238
2024,imbabura,Mujer,15-19,21749
2024,imbabura,Mujer,20-29,43493
2024,imbabura,Mujer,30-44,54562
2024,imbabura,Mujer,45-64,48139
2024,imbabura,Mujer,65+,25698
2024,loja,Hombre,0-14,64880
2024,loja,Hombre,15-19,22066
2024,loja,Hombre,20-29,41483
2024,loja,Hombre,30-44,52320
2024,loja,Hombre,45-64,40118
2024,loja,Hombre,65+,22246
2024,loja,Mujer,0-14,62422
2024,loja,Mujer,15-19,21357
2024,loja,Mujer,20-29,41719
2024,loja,Mujer,30-44,51936
2024,loja,Mujer,45-64,48371
2024,loja,Mujer,65+,28520
2024,los_rios,Hombre,0-14,132231
2024,los_rios,Hombre,15-19,44576
2024,los_rios,Hombre,20-29,83596
2024,los_rios,Hombre,30-44,104501
2024,los_rios,Hombre,45-64,86287
2024,los_rios,Hombre,65+,34038
2024,los_rios,Mujer,0-14,126647
2024,los_rios,Mujer,15-19,43512
2024,los_rios,Mujer,20-29,81940
2024,los_rios,Mujer,30-44,104516
2024,los_rios,Mujer,45-64,87407
2024,los_rios,Mujer,65+,39409
2024,manabi,Hombre,0-14,218076
2024,manabi,Hombre,15-19,78865
2024,manabi,Hombre,20-29,154507
2024,manabi,Hombre,30-44,198588
2024,manabi,Hombre,45-64,135314
2024,manabi,Hombre,65+,55727
2024,manabi,Mujer,0-14,209246
2024,manabi,Mujer,15-19,75280
2024,manabi,Mujer,20-29,150512
2024,manabi,Mujer,30-44,194071
2024,manabi,Mujer,45-64,135100
2024,manabi,Mujer,65+,94148
2024,morona,Hombre,0-14,35517
2024,morona,Hombre,15-19,12032
2024,morona,Hombre,20-29,21264
2024,morona,Hombre,30-44,20914
2024,morona,Hombre,45-64,10588
2024,morona,Hombre,65+,4270
2024,morona,Mujer,0-14,33726
2024,morona,Mujer,15-19,11135
2024,morona,Mujer,20-29,20183
2024,morona,Mujer,30-44,19933
2024,morona,Mujer,45-64,11558
2024,morona,Mujer,65+,5207
2024,napo,Hombre,0-14,22251
2024,napo,Hombre,15-19,7470
2024,napo,Hombre,20-29,13133
2024,napo,Hombre,30-44,14625
2024,napo,Hombre,45-64,8509
2024,napo,Hombre,65+,3621
2024,napo,Mujer,0-14,21202
2024,napo,Mujer,15-19,6983
2024,napo,Mujer,20-29,12873
2024,napo,Mujer,30-44,14963
2024,napo,Mujer,45-64,9443
2024,napo,Mujer,65+,3468
2024,orellana,Hombre,0-14,31391
2024,orellana,Hombre,15-19,10214
2024,orellana,Hombre,20-29,17326
2024,orellana,Hombre,30-44,20065
2024,orellana,Hombre,45-64,16267
2024,orellana,Hombre,65+,4722
2024,orellana,Mujer,0-14,29988
2024,orellana,Mujer,15-19,9563
2024,orellana,Mujer,20-29,16997
2024,orellana,Mujer,30-44,18422
2024,orellana,Mujer,45-64,13756
2024,orellana,Mujer,65+,4120
2024,pastaza,Hombre,0-14,19189
2024,pastaza,Hombre,15-19,6103
2024,pastaza,Hombre,20-29,10692
2024,pastaza,Hombre,30-44,12159
2024,pastaza,Hombre,45-64,8360
2024,pastaza,Hombre,65+,3352
2024,pastaza,Mujer,0-14,18204
2024,pastaza,Mujer,15-19,5633
2024,pastaza,Mujer,20-29,11101
2024,pastaza,Mujer,30-44,12694
2024,pastaza,Mujer,45-64,7688
2024,pastaza,Mujer,65+,3857
2024,pichincha,Hombre,0-14,352808
2024,pichincha,Hombre,15-19,132654
2024,pichincha,Hombre,20-29,268017
2024,pichincha,Hombre,30-44,399887
2024,pichincha,Hombre,45-64,330172
2024,pichincha,Hombre,65+,125014
2024,pichincha,Mujer,0-14,337587
2024,pichincha,Mujer,15-19,127924
2024,pichincha,Mujer,20-29,261430
2024,pichincha,Mujer,30-44,423876
2024,pichincha,Mujer,45-64,358152
2024,pichincha,Mujer,65+,154744
2024,santa_elena,Hombre,0-14,55918
2024,santa_elena,Hombre,15-19,18009
2024,santa_elena,Hombre,20-29,33720
2024,santa_elena,Hombre,30-44,48047
2024,santa_elena,Hombre,45-64,34701
2024,santa_elena,Hombre,65+,12162
2024,santa_elena,Mujer,0-14,53541
2024,santa_elena,Mujer,15-19,17284
2024,santa_elena,Mujer,20-29,34549
2024,santa_elena,Mujer,30-44,45526
2024,santa_elena,Mujer,45-64,35154
2024,santa_elena,Mujer,65+,14867
2024,santo_domingo,Hombre,0-14,75699
2024,santo_domingo,Hombre,15-19,24576
2024,santo_domingo,Hombre,20-29,43763
2024,santo_domingo,Hombre,30-44,55875
2024,santo_domingo,Hombre,45-64,44757
2024,santo_domingo,Hombre,65+,16305
2024,santo_domingo,Mujer,0-14,72044
2024,santo_domingo,Mujer,15-19,23147
2024,santo_domingo,Mujer,20-29,43500
2024,santo_domingo,Mujer,30-44,56907
2024,santo_domingo,Mujer,45-64,48104
2024,santo_domingo,Mujer,65+,18847
2024,sucumbios,Hombre,0-14,31070
2024,sucumbios,Hombre,15-19,9199
2024,sucumbios,Hombre,20-29,16308
2024,sucumbios,Hombre,30-44,21205
2024,sucumbios,Hombre,45-64,19887
2024,sucumbios,Hombre,65+,6499
2024,sucumbios,Mujer,0-14,30767
2024,sucumbios,Mujer,15-19,9754
2024,sucumbios,Mujer,20-29,18274
2024,sucumbios,Mujer,30-44,21301
2024,sucumbios,Mujer,45-64,15917
2024,sucumbios,Mujer,65+,5072
2024,tungurahua,Hombre,0-14,71549
2024,tungurahua,Hombre,15-19,24820
2024,tungurahua,Hombre,20-29,48199
2024,tungurahua,Hombre,30-44,63356
2024,tungurahua,Hombre,45-64,48344
2024,tungurahua,Hombre,65+,23369
2024,tungurahua,Mujer,0-14,68153
2024,tungurahua,Mujer,15-19,23780
2024,tungurahua,Mujer,20-29,47988
2024,tungurahua,Mujer,30-44,66448
2024,tungurahua,Mujer,45-64,60923
2024,tungurahua,Mujer,65+,32153
2024,zamora,Hombre,0-14,17157
2024,zamora,Hombre,15-19,5925
2024,zamora,Hombre,20-29,10763
2024,zamora,Hombre,30-44,12072
2024,zamora,Hombre,45-64,8221
2024,zamora,Hombre,65+,4539
2024,zamora,Mujer,0-14,16600
2024,zamora,Mujer,15-19,6030
2024,zamora,Mujer,20-29,12156
2024,zamora,Mujer,30-44,12879
2024,zamora,Mujer,45-64,7205
2024,zamora,Mujer,65+,4103
